# This listing contains hand-made additions to the dictionary, verified by
# a competent linguist. This listing is the primary place for contributions
# that do not come from semi-automated processing of some collection of data,
# and you are free to insert your new words here after verifying that they
# do not exist in other csv files. Please keep this file in alphabetical order
# using ``sort``.
"LEMMA","KOTUS NUMBER","KOTUS GRADATION LETTER","PART-OF-SPEECH"#,<-HEADERS
"7 päivää","99","0","Prop"
"A0","99","0","Abbr"
"A1","99","0","Abbr"
"A2","99","0","Abbr"
"A3","99","0","Abbr"
"A4","99","0","Abbr"
"A5","99","0","Abbr"
"a","99","0","Acro"
"A","99","0","Acro"
"aa","99","0","Intj"
"ab","99","0","Abbr"
"Ab","99","0","Abbr"
"Abba","99","0","Prop"
"Ace","99","0","Prop"
"ADSL","99","0","Acro"
"ahmatti","5","C","N"
"aijaa","99","0","Intj"
"ainiin","99","0","Intj"
"alasammuttu","99","0","N"
"Albert Hall","99","0","Prop"
"Aleksei","99","0","Prop"
"Aleksis Kivi","99","0","Prop"
"alentavasti","99","0","Adv"
"Alexander Lebed","99","0","Prop"
"Alfons Almi","99","0","Prop"
"alko","99","0","N"
"Allun grilli","99","0","Prop"
"Allun Grilli","99","0","Prop"
"Alprint","99","0","Prop"
"alv.","99","0","Abbr"
"AM","99","0","Acro"
"Amerikan yhdysvallat","99","0","Prop"
"Amica","99","0","Prop"
"Anatoli","99","0","Prop"
"Anetška","99","0","Prop"
"Anneli Toijala","99","0","Prop"
"Anni-Frid","99","0","Prop"
"Annikki Tähti","99","0","Prop"
"antautumismieliala","99","0","N"
"anteeks","99","0","Intj"
"Antero Kekkonen","99","0","Prop"
"Antti Kalliomäki","99","0","Prop"
"Antti Muurinen","99","0","Prop"
"API","99","0","Acro"
"appletti","5","C","N"
"Ari Vatanen","99","0","Prop"
"armahin","99","0","P"
"Armas Lindgren","99","0","Prop"
"arvuutella","99","0","V"
"asennoitumistapa","99","0","N"
"asennoitumisvaikeus","99","0","N"
"-asetelma","99","0","N"
"Ashley","99","0","Prop"
"asianajaa","99","0","V"
"assa","99","0","N"
"Asterix","99","0","Prop"
"asumiskuri","99","0","N"
"asumismuoto","99","0","N"
"asumisviihtyvyys","99","0","N"
"Atom","5","0","N"
"Atom-syöte","48","0","N"
"audiovisuaaliala","9","0","N"
"auervaara","99","0","N"
"aukea","15","0","N"
"au pair","99","0","N"
"autentikointi","5","J","N"
"autottoman","99","0","N"
"availu","99","0","N"
"avataara","9","0","N"
"avatar","32","0","N"
"avoinna","99","0","Adv"
"avoponttooni","99","0","N"
"avot","99","0","P"
"Axén","99","0","Prop"
"b","99","0","Acro"
"B","99","0","Acro"
"back-gammon","99","0","N"
"Bamsen","99","0","Prop"
"banneri","6","0","N"
"Barbie","99","0","Prop"
"bari-kansa","99","0","N"
"beige","8","0","A"
"Béla","99","0","Prop"
"Belaja","99","0","Prop"
"Bernard","99","0","Prop"
"Best","99","0","Prop"
"Bien","99","0","Prop"
"bike","99","0","N"
"Bill Clinton","99","0","Prop"
"bit","5","0","N"
"BKT","99","0","Acro"
"Black & Decker","99","0","Prop"
"blogisto","1","0","N"
"blogosfääri","5","0","N"
"Bluetooth","5","0","N"
"Bluetooth-hyökkäys","39","0","N"
"Boer","99","0","Prop"
"boken","99","0","N"
"bondius","99","0","N"
"Boris Jeltsin","99","0","Prop"
"Bosko","99","0","Prop"
"Bosnia-Hertsegovinan","99","0","Prop"
"bot-verkko","1","A","N"
"Brandoon","99","0","Prop"
"Brian","99","0","Prop"
"Brigitte","99","0","Prop"
"Brittein saaret","99","0","Prop"
"Bruce Willis","99","0","Prop"
"brysseli","99","0","N"
"BSE","99","0","Acro"
"Bubka","99","0","Prop"
"Budd","99","0","Prop"
"Bulgakov","99","0","Prop"
"bullettiini","99","0","N"
"burn out","99","0","N"
"Burrell","99","0","Prop"
"buuttaus","39","0","N"
"bänät","99","0","N"
"bönde","99","0","N"
"c","99","0","Acro"
"C","99","0","Acro"
"Calle","99","0","Prop"
"Campbell","99","0","Prop"
"Candice Bergen","99","0","Prop"
"Cantona","99","0","Prop"
"Carlo","99","0","Prop"
"Casey","99","0","Prop"
"cash","99","0","N"
"Cashmerelle","99","0","Prop"
"cd","99","0","Acro"
"CD-DVD-levy","1","0","N"
"cd-levy","99","0","N"
"CD-R","99","0","Acro"
"CD-R-levy","1","0","N"
"CD-RW","99","0","Acro"
"CD-RW-levy","1","0","N"
"Central","99","0","Prop"
"Cethegus","5","0","Prop"
"Challenge","99","0","Prop"
"Chapman","99","0","Prop"
"chattailu","2","0","N"
"chattaus","39","0","N"
"Chaucer","99","0","Prop"
"Cherie","99","0","Prop"
"Chirac","99","0","Prop"
"Choi","99","0","Prop"
"Chopin","99","0","Prop"
"Chris Rea","99","0","Prop"
"Christie","99","0","Prop"
"Chrysler Viper","99","0","Prop"
"Claude","99","0","Prop"
"Cliff","99","0","Prop"
"Clint Eastwood","99","0","Prop"
"cm.","99","0","Abbr"
"cm","99","0","Abbr"
"CNS","99","0","Acro"
"COD","99","0","Acro"
"Cola","99","0","Prop"
"Colette","99","0","Prop"
"Concorde","99","0","Prop"
"Congress Center","99","0","Prop"
"Conneryn","99","0","Prop"
"Conoco","99","0","Prop"
"Cookin","99","0","Prop"
"Coppolan","99","0","Prop"
"Cowan","99","0","Prop"
"Crawford","99","0","Prop"
"Crystal Palace","99","0","Prop"
"Cuauhtémoc","99","0","Prop"
"Cultor","99","0","Prop"
"Cunningham","99","0","Prop"
"d","99","0","Acro"
"D","99","0","Acro"
"Daly","99","0","Prop"
"Daniel arap Moi","99","0","Prop"
"Davies","99","0","Prop"
"Dawson","99","0","Prop"
"DDR","99","0","Acro"
"DE","99","0","Acro"
"de","99","0","Prop"
"Demi Moore","99","0","Prop"
"DeskJet","99","0","Prop"
"DFI","99","0","Acro"
"Didi","99","0","Prop"
"digisovitin","33","C","N"
"digitaalipiano","99","0","N"
"diteröinti","5","J","N"
"dna","99","0","Acro"
"dna-näyte","99","0","N"
"DPI","99","0","Acro"
"DualDisc","5","0","N"
"Ducat","99","0","Prop"
"Duff","99","0","Prop"
"DVD","99","0","Acro"
"Dvorák","99","0","Prop"
"e","99","0","Acro"
"E","99","0","Acro"
"eaa.","99","0","Abbr"
"edelleenlähettää","53","C","V"
"Edina","99","0","Prop"
"EEC","99","0","Acro"
"ees","99","0","P"
"ehkäpä","99","0","P"
"ei","1099","0","V"
"Eija-Riitta Korhola","99","0","Prop"
"eikun","99","0","P"
"Eino Kaila","99","0","Prop"
"Eino Leino","99","0","Prop"
"EIP","99","0","Acro"
"eiq","99","0","P"
"ekoeko","99","0","N"
"eKr.","99","0","Abbr"
"ELDR","99","0","Acro"
"Elina Karjalainen","99","0","Prop"
"Ella Eronen","99","0","Prop"
"Elton John","99","0","Prop"
"Eläke-Kansa","99","0","Prop"
"elämisenmahdollisuus","99","0","N"
"em.","99","0","Abbr"
"EMU","99","0","Acro"
"emä-Suomi","99","0","N"
"ennenku","99","0","N"
"ennenkun","99","0","P"
"ensiesittely","99","0","N"
"ensi-istuma","99","0","Adv"
"ensikerta","99","0","N"
"ensikosketus","99","0","N"
"ensilevy","99","0","N"
"ensisilmäys","99","0","Adp"
"enään","99","0","P"
"EP","99","0","Acro"
"Epstein","99","0","Prop"
"Erice","99","0","Prop"
"erikoiskoulutettu","99","0","N"
"erittäin","99","0","Adv"
"Erkki Liikanen","99","0","Prop"
"Erkki Tuomioja","99","0","Prop"
"ES","99","0","Acro"
"Esa-Pekka Salonen","99","0","Prop"
"Esa Saarinen","99","0","Prop"
"Escort","99","0","Prop"
"esiinnostettava","99","0","N"
"esiintunkeminen","99","0","N"
"esiintymispaikka","99","0","N"
"esim.","99","0","Abbr"
"esim.","99","0","N"
"esittämistapa","99","0","N"
"Esko Aho","99","0","Prop"
"Esko-Juhani Tennilä","99","0","Prop"
"Espa","99","0","Prop"
"Essex","99","0","Prop"
"Etelä-Amerikka","99","0","Prop"
"Etelä-Eurooppa","99","0","Prop"
"Etelä-Jemen","99","0","Prop"
"Etelä-Ranska","99","0","Prop"
"etenemissuunnitelma","10","0","N"
"ETY","99","0","Acro"
"etäännyttämiskeino","99","0","N"
"Eurooppa-neuvosto","2","0","Prop"
"Evita","99","0","Prop"
"Express","99","0","Prop"
"EY","99","0","Acro"
"f","99","0","Acro"
"F","99","0","Acro"
"Falcon","99","0","Prop"
"Falkland","99","0","Prop"
"fatima","99","0","N"
"Fazer","99","0","Prop"
"feidata","73","0","V"
"Fergie","99","0","Prop"
"FIA","99","0","Acro"
"FIFA","99","0","Acro"
"Figaron","99","0","Prop"
"Flammie","3","0","Prop"
"flanööri","99","0","N"
"Flash-animaatio","3","0","N"
"flash-muisti","5","0","N"
"fleimi","5","0","N"
"folksonomia","12","0","N"
"Forum","99","0","Prop"
"FR","99","0","Acro"
"Franco","99","0","Prop"
"Franziska","99","0","Prop"
"freeware","8","0","N"
"Frentzen","99","0","Prop"
"friikahtaa","53","F","V"
"FTP","99","0","Acro"
"futari","99","0","N"
"g","99","0","Acro"
"G","99","0","Acro"
"Galapagossaaret","99","0","Prop"
"Galbraith","99","0","Prop"
"Gale","99","0","Prop"
"Gandhi","99","0","Prop"
"Gapon","99","0","Prop"
"Garbo","99","0","Prop"
"garrafeira","99","0","N"
"Gates","99","0","Prop"
"Gatwick","99","0","Prop"
"GB","99","0","Acro"
"Geena Davis","99","0","Prop"
"George Shultz","99","0","Prop"
"George Sorosin","99","0","Prop"
"Gianni","99","0","Prop"
"GIF-animaatio","3","0","N"
"Gilles","99","0","Prop"
"Ginny","99","0","Prop"
"Giovanne","99","0","Prop"
"Giscard","99","0","Prop"
"Giselle","99","0","Prop"
"Good","99","0","Prop"
"gourmetti","99","0","N"
"GPRS","99","0","Acro"
"Grammy","1","0","Prop"
"Grand","99","0","Prop"
"Grand Prix","99","0","Prop"
"grid-laskenta","9","J","N"
"grillailla","99","0","N"
"GSM-postipalvelu","2","0","N"
"Gt","99","0","Abbr"
"GTi","99","0","Abbr"
"GTi","99","0","Acro"
"GUE","99","0","Acro"
"Guillermo","99","0","Prop"
"Gwion","99","0","Prop"
"Gyllenhammar","99","0","Prop"
"György","99","0","Prop"
"Göran Persson","99","0","Prop"
"h","99","0","Acro"
"H","99","0","Acro"
"hahmontaa","54","J","V"
"Haider","99","0","Prop"
"Haile","99","0","Prop"
"hallinnointi","5","J","N"
"Hannele Pokka","99","0","Prop"
"Hanno Möttölä","99","0","Prop"
"Hannu Salama","99","0","Prop"
"hapan","34","B","N"
"harakantanssi","99","0","N"
"harmituttanut","99","0","N"
"Harri Holkeri","99","0","Prop"
"Harri Kirvesniemi","99","0","Prop"
"Haydn","99","0","Prop"
"Heather","99","0","Prop"
"Heathrow","99","0","Prop"
"hehe","99","0","Intj"
"hehh","99","0","Intj"
"heihettää","99","0","V"
"Heikki Turunen","99","0","Prop"
"heiluhäntä","99","0","N"
"heivauttaa","99","0","V"
"helpoiten","99","0","Adv"
"Helsingin juhlaviikot","99","0","Prop"
"helsinkiläismiljööt","99","0","N"
"hengitellä","99","0","V"
"-henkinen","99","0","N"
"hesari","6","0","Prop"
"Heyerdahl","99","0","Prop"
"Hietsu","99","0","Prop"
"high","99","0","N"
"hih","99","0","Intj"
"hihityttää","99","0","V"
"hiljennellä","99","0","V"
"Hill","99","0","Prop"
"Hillary Clinton","99","0","Prop"
"Hinton","99","0","Prop"
"Hintze","99","0","Prop"
"hipsteri","6","0","N"
"hirvitysmatto","99","0","N"
"hiv","99","0","N"
"HK","99","0","Acro"
"Homo sapiens","99","0","Prop"
"Honda Legend","99","0","Prop"
"hongkongilainen","99","0","N"
"Hope","99","0","Prop"
"Hornet","99","0","Prop"
"Hough","99","0","Prop"
"HS","99","0","Acro"
"HTML","99","0","Acro"
"html-slangi","99","0","N"
"HTTP","99","0","Acro"
"hubi","5","0","N"
"huipennos","99","0","N"
"huippuvuonna","99","0","Adp"
"hukkumisluvut","99","0","N"
"hulttio","3","0","N"
"Humppilan lasit","99","0","Prop"
"humu","1","0","N"
"huoh","99","0","Intj"
"huoltoteami","99","0","N"
"huopakatettu","99","0","N"
"hurraus","99","0","N"
"huudatuttaa","99","0","V"
"HVK","99","0","Acro"
"hylky","1","D","N"
"hypityttää","99","0","V"
"hyvinpukeutunut","99","0","N"
"hyväksymissykli","99","0","N"
"Hämeenkatu","99","0","Prop"
"Hämeen lääni","99","0","Prop"
"hölkäsen","99","0","N"
"höpötellä","99","0","V"
"hörppäillä","99","0","V"
"i","99","0","Acro"
"I","99","0","Acro"
"IFK","99","0","Acro"
"Ihanko","99","0","Prop"
"ihmeempi","99","0","N"
"ihmisin","99","0","N"
"ihmisoikeusraportoija","99","0","N"
"Iiro Viinanen","99","0","Prop"
"ikäänkuin","99","0","P"
"Ilkka Joenpalo","99","0","Prop"
"Ilkka Kanerva","99","0","Prop"
"Ilkka Suominen","99","0","Prop"
"Ilmatieteen laitos","99","0","Prop"
"Imelda Marcos","99","0","Prop"
"inc","99","0","Abbr"
"incognito","99","0","N"
"Inex Partners","99","0","Prop"
"Inkku","99","0","Prop"
"internet-tv","99","0","Acro"
"intranet","5","0","N"
"investoija","99","0","N"
"IP","99","0","Acro"
"IP","99","0","Acro"
"IP-kamera","12","0","N"
"IP-numero","2","0","N"
"IP-osoite","48","C","N"
"IP-osoitehuijaus","39","0","N"
"IP-puhelu","2","0","N"
"IP-puheluohjelmisto","1","0","N"
"IRC","99","0","Acro"
"irccailuosasto","99","0","N"
"irkkailla","67","0","V"
"irkki","5","A","N"
"irtisanomiskausi","99","0","N"
"irtisanomiskorvaus","99","0","N"
"Isaac Newton","99","0","Prop"
"ISBN","99","0","Acro"
"istualteen","99","0","Adv"
"isästö","99","0","N"
"itketyttää","99","0","V"
"itseasiassa","99","0","P"
"Itä-Eurooppa","99","0","Prop"
"Itä-Helsinki","99","0","Prop"
"Itä-Jerusalem","99","0","Prop"
"j","99","0","Acro"
"J","99","0","Acro"
"jaa-a","99","0","P"
"jaahas","99","0","P"
"Jacqueline Bisset","99","0","Prop"
"Jacques Chirac","99","0","Prop"
"Jakub","99","0","Prop"
"Jan-Erik Enestam","99","0","Prop"
"Janet","99","0","Prop"
"Jani Sievinen","99","0","Prop"
"Jan Klenberg","99","0","Prop"
"Janne Ahonen","99","0","Prop"
"Japan","99","0","Prop"
"Jari Isometsä","99","0","Prop"
"Jari Litmanen","99","0","Prop"
"jarrutella","99","0","V"
"Jasser Arafat","99","0","Prop"
"Java-kieli","26","0","N"
"Javier Solana","99","0","Prop"
"Jeanne","8","0","Prop"
"Jean-Paul Belmondo","99","0","Prop"
"Jean Sibelius","99","0","Prop"
"jee","99","0","Intj"
"Jenny McCarthy","99","0","Prop"
"Jere Lahti","99","0","Prop"
"Jimenez","99","0","Prop"
"jne.","99","0","Abbr"
"Joel Lehtonen","99","0","Prop"
"Johannes Virolainen","99","0","Prop"
"John Grisham","99","0","Prop"
"John Lennon","99","0","Prop"
"John Vikström","99","0","Prop"
"John Woo","99","0","Prop"
"johtamismenetelmä","99","0","N"
"Jong-Il","99","0","Prop"
"Jonna Järnefelt","99","0","Prop"
"jonotuttaa","99","0","V"
"jooh","99","0","Intj"
"Jorge","99","0","Prop"
"Jorma Uotinen","99","0","Prop"
"Juhani Aho","99","0","Prop"
"Jukka Linkola","99","0","Prop"
"jukola","99","0","N"
"julkistamishetki","99","0","N"
"jumppailla","99","0","V"
"junailuasia","99","0","N"
"juoksutella","99","0","N"
"Jussi Jääskeläinen","99","0","Prop"
"Justhan","99","0","Prop"
"JVC","99","0","Acro"
"JyP","99","0","Abbr"
"jyrki","99","0","N"
"Jyväs-Hyvä","99","0","Prop"
"Jyväskylän yliopisto","99","0","Prop"
"jäljite","48","C","N"
"jäljitettävyys","40","0","N"
"jäyhäke","99","0","N"
"Jörn Donner","99","0","Prop"
"k","99","0","Acro"
"K","99","0","Acro"
"kaa","99","0","Adp"
"Kaakkois-Suomi","99","0","Prop"
"Kaarina Suonio","99","0","Prop"
"Kaari Utrio","99","0","Prop"
"Kahman","99","0","Prop"
"kaija","99","0","N"
"kaitsenta","99","0","N"
"Kaivari","99","0","Prop"
"kaivuutulokset","99","0","N"
"kaksilitrainen","99","0","N"
"Kalevi Sorsa","99","0","Prop"
"Kalle Holmberg","99","0","Prop"
"Kalle Könkkölä","99","0","Prop"
"kammari","99","0","N"
"kans","99","0","P"
"Kaplan","99","0","Prop"
"Karajan","99","0","Prop"
"Kari Jalas","99","0","Prop"
"Kari Tapio","99","0","Prop"
"Kari Väänänen","99","0","Prop"
"Karvisto","99","0","Prop"
"Kati Outinen","99","0","Prop"
"Katri Vala","99","0","Prop"
"kauaa","99","0","Adv"
"kauasheijasteinen","99","0","N"
"Kauko Juhantalo","99","0","Prop"
"Kauppa- ja teollisuusministeriö","99","0","Prop"
"kB","99","0","Acro"
"kelmi","5","0","N"
"kertakaikkiaan","99","0","P"
"keskenänsä","99","0","Adv"
"Keski-Eurooppa","99","0","Prop"
"kestoistuja","99","0","N"
"kesäasua","99","0","V"
"kg.","99","0","Abbr"
"kg","99","0","Abbr"
"KHO","99","0","Acro"
"kieltolaki-Suomi","99","0","N"
"kierrättäjä","99","0","N"
"kiihdytellä","99","0","V"
"kiillotuttaa","99","0","V"
"kiinnitellä","99","0","V"
"Kinnock","99","0","Prop"
"Kino-Helo","99","0","Prop"
"kirjaton","99","0","N"
"Kiss","99","0","Prop"
"klo","99","0","Abbr"
"km","99","0","Abbr"
"km/h","99","0","Abbr"
"Kohl","99","0","Prop"
"kok.","99","0","Abbr"
"kolleega","99","0","N"
"kollektivisointi","99","0","N"
"KOM","99","0","Acro"
"kombinatoriikka","9","A","N"
"kommunikointi","5","J","N"
"kompressointi","5","J","N"
"konsensus-Suomi","99","0","N"
"Koo","99","0","Prop"
"KooVee","99","0","Prop"
"kopioituja","99","0","N"
"koristaja","99","0","N"
"Korson","99","0","Prop"
"kossu","99","0","N"
"kotiutusprosentti","99","0","N"
"koto-Suomi","99","0","N"
"kotouttaminen","38","0","N"
"kotoutumissuunnitelma","99","0","N"
"kraateri","99","0","N"
"Krajina","99","0","Prop"
"Krogh","99","0","Prop"
"Kross","99","0","Prop"
"Krunikka","99","0","Prop"
"kt","99","0","Acro"
"KTP","99","0","Acro"
"kualla","99","0","V"
"kulttuuripääkaupunkius","99","0","N"
"Kumlingen","99","0","Prop"
"kuni","99","0","P"
"kuolinpaikka","10","D","N"
"Kuopion yliopisto","99","0","Prop"
"KuPS","99","0","Abbr"
"kurauttaa","99","0","V"
"Kustaa III","99","0","Acro"
"Kustaa Vaasa","99","0","Prop"
"kuulemismenettely","2","0","N"
"kuulemistilaisuus","40","0","N"
"kynsäisy","99","0","N"
"kynäke","48","A","N"
"kypsähkö","99","0","N"
"kyykistellä","99","0","V"
"kyynistyä","99","0","V"
"kännissä","99","0","Adv"
"Käpyläntie","99","0","Prop"
"käsintaottu","99","0","N"
"käyttäjäntunnistusyhteisö","2","0","N"
"käyttöönsoveltuvuus","40","0","N"
"kääntämiskysymys","99","0","N"
"König","99","0","Prop"
"Kõrb","99","0","Prop"
"l","99","0","Acro"
"L","99","0","Acro"
"laahustus","99","0","N"
"laajentumisprosessi","5","0","N"
"Laatokan-Karjala","99","0","Prop"
"Lafontaine","99","0","Prop"
"lamavuonna","99","0","N"
"Lancia","99","0","Prop"
"laskeutumisvaihe","99","0","N"
"laskeutusaltaat","99","0","N"
"Lasse Pöysti","99","0","Prop"
"Latinalainen Amerikka","99","0","Prop"
"laukaistu","99","0","N"
"laukkailla","99","0","V"
"Lauri Ihalainen","99","0","Prop"
"lavendeli","99","0","N"
"Lea Laven","99","0","Prop"
"Lebed","99","0","Prop"
"Le Corbusier","99","0","Prop"
"Leeson","99","0","Prop"
"Lefa","99","0","Prop"
"leffastara","99","0","N"
"lehtivihreä","15","0","N"
"lehtiö-pc","99","0","Acro"
"Leif Wager","99","0","Prop"
"leijauma","99","0","N"
"leijuke","48","0","N"
"Lemieux","99","0","Prop"
"lempeytyä","99","0","V"
"Lennart Meri","99","0","Prop"
"Leonea","99","0","Prop"
"Leonid Brežnev","99","0","Prop"
"lepäilypaikka","99","0","N"
"levittäjä","99","0","N"
"Lewis","99","0","Prop"
"Libération","99","0","Prop"
"Liisa Nevalainen","99","0","Prop"
"liittymisasiat","99","0","N"
"liittymisneuvottelu","2","0","N"
"liittymissopimus","39","0","N"
"likiverkko","1","A","N"
"lipeä","15","0","N"
"Lippens","99","0","Prop"
"Lipton","99","0","Prop"
"lisuri","99","0","N"
"livistyspäivä","99","0","N"
"lojuskelija","99","0","N"
"lokalisointi","5","J","N"
"lomaltapalaaja","99","0","N"
"Lon","99","0","Prop"
"Long","99","0","Prop"
"loppulähettäminen","99","0","N"
"Lounais-Bosnia","99","0","Prop"
"LPI","99","0","Acro"
"LSO","99","0","Acro"
"Lucius","99","0","Prop"
"luikautella","99","0","N"
"Lukko-Pilli","99","0","Prop"
"Lumiére","99","0","Prop"
"Luulek","99","0","Prop"
"lvi-tekniikka","99","0","N"
"lähestymisohjelma","99","0","N"
"Länsi-Afrikka","99","0","Prop"
"Länsi-Saksa","99","0","Prop"
"löyhkä","10","0","N"
"m","99","0","Acro"
"M","99","0","Acro"
"maailmanlaajuistuminen","38","0","N"
"Maailman Luonnonsäätiö","99","0","Prop"
"maapläntti","99","0","N"
"Maatalouden tutkimuskeskus","99","0","Prop"
"mac","99","0","Prop"
"made in","99","0","P"
"Madsen","99","0","Prop"
"Maija Rask","99","0","Prop"
"mailata","73","0","V"
"maisemanrumentaja","99","0","N"
"Makepeace","99","0","Prop"
"makeutua","99","0","N"
"Mandela","99","0","Prop"
"Mannerheimintie","99","0","Prop"
"Manse","99","0","Prop"
"Marasco","99","0","Prop"
"Marcello Mastroianni","99","0","Prop"
"Marco Polo","99","0","Prop"
"Marcus Grönholm","99","0","Prop"
"Maria Jotuni","99","0","Prop"
"Marilyn","99","0","Prop"
"Mark David","99","0","Prop"
"Markku Eskelinen","99","0","Prop"
"Markus Kajo","99","0","Prop"
"Martti Ahtisaari","99","0","Prop"
"marvania","12","0","N"
"Marvania","12","0","Prop"
"Marvel","6","0","Prop"
"massiivi","5","0","N"
"matkaton","99","0","N"
"Matti Klinge","99","0","Prop"
"Matti Pellonpää","99","0","Prop"
"Matti Ranin","99","0","Prop"
"Matti Wuori","99","0","Prop"
"Mauno Koivisto","99","0","Prop"
"Mauri Pekkarinen","99","0","Prop"
"Mb","99","0","Acro"
"MB","99","0","Acro"
"Mbit","99","0","Acro"
"Mbit/s","99","0","Acro"
"Mbps","99","0","Acro"
"Mb/s","99","0","Acro"
"Mc","99","0","Prop"
"Mechelininkatu","99","0","Prop"
"media-pc","99","0","Acro"
"meilata","73","0","V"
"Meksikonlahti","99","0","Prop"
"Mel Gibson","99","0","Prop"
"melkeen","99","0","P"
"Mercury","99","0","Prop"
"Merita Kiinteistö","99","0","Prop"
"Merita Pankki","99","0","Prop"
"Merja Larivaara","99","0","Prop"
"mersu","99","0","N"
"mesettää","53","0","V"
"Met","99","0","Prop"
"Meta","99","0","Prop"
"metal","99","0","N"
"meteorihavaitsija","99","0","N"
"Metsä-Serla","99","0","Prop"
"Mey","99","0","Prop"
"mh","99","0","Intj"
"Micawber","5","0","Prop"
"Michael Jackson","99","0","Prop"
"Michelangelo","99","0","Prop"
"mieleenjäävä","99","0","N"
"Mika Halvari","99","0","Prop"
"Mika Häkkinen","99","0","Prop"
"Mika-Matti Paatelainen","99","0","Prop"
"Mika Myllylä","99","0","Prop"
"Mikko Elo","99","0","Prop"
"Mikko Juva","99","0","Prop"
"Mikko Kuustonen","99","0","Prop"
"Miles","99","0","Prop"
"Milosevic","99","0","Prop"
"minkätähden","99","0","P"
"Mir","99","0","Prop"
"Mirkku","99","0","Prop"
"Mitsu","99","0","Prop"
"Mitsubishi Galant","99","0","Prop"
"Mitterrand","99","0","Prop"
"miuku","1","D","N"
"miumau","18","0","N"
"Miyazaki","99","0","Prop"
"mm.","99","0","Abbr"
"mm","99","0","Abbr"
"MMS-palvelu","2","0","N"
"Molla","99","0","Prop"
"Mona Sahlin","99","0","Prop"
"monialaisuus","40","0","N"
"Monica Seles","99","0","Prop"
"monikäynnistys","39","0","N"
"monimerkityksellisyys","40","0","N"
"monitoimiohjelmisto","1","0","N"
"moniulotteisuus","99","0","N"
"Monrepos","99","0","Prop"
"Monte","99","0","Prop"
"Morgan","99","0","Prop"
"mountain","99","0","N"
"Mount Everest","99","0","Prop"
"MP3","99","0","Acro"
"MPEG","99","0","Acro"
"MR","99","0","Acro"
"Mt","99","0","Acro"
"Mt/s","99","0","Acro"
"Mugabe","99","0","Prop"
"Muhai Tangin","99","0","Prop"
"Muhammad Ali","99","0","Prop"
"mukautus","39","0","N"
"mulkaisu","99","0","N"
"multimiljonääri","99","0","N"
"muodostamisprosessi","99","0","N"
"musta","10","0","N"
"Mutin","99","0","Prop"
"mutku","99","0","P"
"muumimammoittelu","99","0","N"
"muuntogeeninen","38","0","A"
"MyPa","99","0","Abbr"
"myöhäiskeski-ikä","99","0","N"
"n.","99","0","Abbr"
"n","99","0","Acro"
"N","99","0","Acro"
"naitattaa","99","0","V"
"nakertuminen","99","0","N"
"Nalle Puh","99","0","Prop"
"NASA","99","0","Acro"
"NATO","99","0","Acro"
"nauhoitella","99","0","N"
"naureksia","99","0","V"
"Nehljudof","5","0","Prop"
"Nervanderinkatu","99","0","Prop"
"nettailla","99","0","V"
"nettihäiriköinti","5","J","N"
"netti-tv","99","0","Acro"
"NHL","99","0","Acro"
"Nicki","99","0","Prop"
"Nightwish","5","0","Prop"
"niinkuin","99","0","P"
"niinqu","99","0","P"
"niinsanottu","99","0","N"
"Niko Saarela","99","0","Prop"
"NL","99","0","Acro"
"nojoo","99","0","Intj"
"Nolin","99","0","Prop"
"nopeiten","99","0","Adv"
"Norsk Hydro","99","0","Prop"
"North","99","0","Prop"
"notko","1","0","N"
"NPC","99","0","Acro"
"NRW","99","0","Acro"
"ns.","99","0","Abbr"
"ns","99","0","Abbr"
"nukkumaanlaittaminen","99","0","N"
"nulkata","99","0","V"
"nurinperin","99","0","P"
"ny","99","0","P"
"Nyky-Amerikka","99","0","Prop"
"nyrjähdellä","99","0","V"
"näin ollen","99","0","P"
"o","99","0","Acro"
"O","99","0","Acro"
"oih","99","0","Intj"
"oik.","99","0","Abbr"
"oikee","15","0","A"
"oj","99","0","Intj"
"OLAF","99","0","Acro"
"Olavi Virta","99","0","Prop"
"Olof Palme","99","0","Prop"
"om","99","0","Intj"
"oo","99","0","Intj"
"Oo","99","0","Intj"
"Opel Kadett","99","0","Prop"
"Opel Vectra","99","0","Prop"
"oppimishäiriöinen","99","0","N"
"Ordina","99","0","Prop"
"osastoton","99","0","N"
"Osmo Soininvaara","99","0","Prop"
"Oswald Spenglerin","99","0","Prop"
"otattaja","99","0","N"
"Oulun kaupunginteatteri","99","0","Prop"
"Oulun lääni","99","0","Prop"
"Owe","99","0","Prop"
"oy","99","0","Acro"
"oyj","99","0","Acro"
"p","99","0","Acro"
"P","99","0","Acro"
"Paavo Haavikko","99","0","Prop"
"Paavo Lipponen","99","0","Prop"
"Paavo Väyrynen","99","0","Prop"
"pakittaa","99","0","V"
"pakkosiirtää","99","0","N"
"pakkosiirtää","99","0","V"
"paku","99","0","N"
"palautella","99","0","V"
"Palen","99","0","Prop"
"Pallo-Pojat","99","0","Prop"
"Pam","99","0","Prop"
"Pan","99","0","Prop"
"paneeli-pc","99","0","Acro"
"Paris Match","99","0","Prop"
"Parkinson","99","0","Prop"
"Partners","99","0","Prop"
"paskanen","99","0","N"
"Pat","99","0","Prop"
"patentti","5","C","N"
"Paula Koivuniemi","99","0","Prop"
"PDF","99","0","Acro"
"Pedersen","99","0","Prop"
"Pekka Haavisto","99","0","Prop"
"Pekka Halonen","99","0","Prop"
"Pekka Sauri","99","0","Prop"
"Pekka Vennamo","99","0","Prop"
"pelko","1","D","N"
"Pelling","99","0","Prop"
"penkoutua","99","0","V"
"Pentti Holappa","99","0","Prop"
"Pentti Saarikoski","99","0","Prop"
"Perijuro","99","0","Prop"
"perinpohjin","99","0","Adv"
"perisaksalainen","99","0","N"
"permanentti","5","C","N"
"Pertti Pasanen","99","0","Prop"
"peruskorjauttanut","99","0","N"
"perustamishanke","48","A","N"
"perustamissopimus","39","0","N"
"Pessoa","99","0","Prop"
"Peter Franzén","99","0","Prop"
"Peter von Bagh","99","0","Prop"
"Peugeot 205","99","0","Prop"
"Pia Hattara","99","0","Prop"
"pidennyttää","99","0","V"
"Pieksämäen Lehti","99","0","Prop"
"pien-pc","99","0","Acro"
"Pierce Brosnan","99","0","Prop"
"pikaviestittää","53","C","V"
"Pikku-Myy","99","0","Prop"
"pikselöityminen","38","0","N"
"pila","9","0","N"
"pintaliitää","99","0","V"
"pinta-WWW","99","0","Acro"
"Pirre","99","0","Prop"
"piru","1","0","N"
"PLO","99","0","Acro"
"pohatta","14","C","N"
"pohdituttaa","99","0","V"
"Pohjois-Amerikka","99","0","Prop"
"Pohjois-Eurooppa","99","0","Prop"
"Pohjois-Häme","99","0","Prop"
"Pohjois-Suomi","99","0","Prop"
"poikin","99","0","Adp"
"poimaistava","99","0","N"
"Poindexter","99","0","Prop"
"poisheitto","99","0","N"
"Polar","99","0","Prop"
"Polyteekkari","99","0","Prop"
"popahtava","99","0","N"
"Popescu","99","0","Prop"
"Pori Jazz","99","0","Prop"
"Porthania","99","0","Prop"
"Porto Santo","99","0","Prop"
"Poseidon","99","0","Prop"
"posteljooni","99","0","N"
"postmaster","5","0","N"
"Power","99","0","Prop"
"PP","99","0","Acro"
"PPE","99","0","Acro"
"PPE-DE","99","0","Acro"
"PPI","99","0","Acro"
"Primatel","99","0","Prop"
"Primera","99","0","Prop"
"prkl","99","0","Prop"
"pr-konsultti","99","0","N"
"Prodi","99","0","Prop"
"pro gradu -tutkielma","99","0","N"
"Prost","99","0","Prop"
"Proust","99","0","Prop"
"PSE","99","0","Acro"
"puhututtaa","99","0","V"
"puistella","99","0","V"
"pujo","1","0","N"
"pukeutumiskulttuuri","99","0","N"
"pullo","1","0","N"
"puna-","99","0","Pre"
"Punainen Risti","99","0","Prop"
"putsaantua","99","0","V"
"pynttääntynyt","99","0","N"
"pökkelö","2","0","N"
"pöllö","1","0","N"
"q","99","0","Acro"
"Q","99","0","Acro"
"Queen","99","0","Prop"
"Quijote","99","0","Prop"
"r","99","0","Acro"
"R","99","0","Acro"
"raapustella","99","0","V"
"Rabin","99","0","Prop"
"RAC","99","0","Acro"
"Radio Mafia","99","0","Prop"
"RaivoHärkä","99","0","Prop"
"rajatylittävä","10","0","A"
"Rajiv Gandhi","99","0","Prop"
"Rake","99","0","Prop"
"rakeistuminen","38","0","N"
"Ralf Gothon","99","0","Prop"
"Rangoon","99","0","Prop"
"raudikko","4","A","N"
"rauhanturvaaminen","99","0","N"
"Rauni Mollbergi","99","0","Prop"
"Reagan","99","0","Prop"
"reagoimistapa","99","0","N"
"Rederi","99","0","Prop"
"Reiska","99","0","Prop"
"reitityssäännöt","5","0","N"
"Renny Harlin","99","0","Prop"
"Revon Sähkö","99","0","Prop"
"Rhodos","99","0","Prop"
"Riesling","99","0","Prop"
"riippuvalikko","4","A","N"
"Riitta Uosukainen","99","0","Prop"
"rippaus","39","0","N"
"ripsetön","99","0","N"
"ristiinhäivytys","39","0","N"
"Risto Jussilainen","99","0","Prop"
"Risto Kuisma","99","0","Prop"
"Robin Williams","99","0","Prop"
"Roh","99","0","Prop"
"roisto","1","0","N"
"roll","99","0","N"
"Rollo","99","0","Prop"
"Rolls Royce","99","0","Prop"
"Roma","99","0","Prop"
"Roman Polanski","99","0","Prop"
"Rookie","99","0","Prop"
"rootkit-haittaohjelma","10","0","N"
"rootkit-ohjelma","10","0","N"
"Royal","99","0","Prop"
"Roza","99","0","Prop"
"RP","99","0","Acro"
"RSS","99","0","Acro"
"RSS-syöte","48","C","N"
"Ruben Stiller","99","0","Prop"
"Rudolf Koivu","99","0","Prop"
"ruggeroitu","1","F","A"
"Rupert Murdoch","99","0","Prop"
"rutto","1","C","N"
"ruuanlaitto","99","0","N"
"rytmis","99","0","N"
"ryvettymättömyys","99","0","N"
"ryökäisy","99","0","N"
"ryöstöviljellä","99","0","V"
"rähjäke","99","0","N"
"rökälevoitto","99","0","N"
"röttelö","2","0","N"
"s.","99","0","Abbr"
"s","99","0","Acro"
"S","99","0","Acro"
"š","99","0","Acro"
"Š","99","0","Acro"
"Saab 9000","99","0","Prop"
"saamekieli","26","0","N"
"Sahin","99","0","Prop"
"Sahlin","99","0","Prop"
"Sainz","99","0","Prop"
"Saksan Liittotasavalta","99","0","Prop"
"Saku Koivu","99","0","Prop"
"samanpuoleinen","99","0","N"
"samantien","99","0","Adv"
"Samaranch","99","0","Prop"
"sammuilla","99","0","V"
"Sampras","99","0","Prop"
"Samuel Fuller","99","0","Prop"
"Samuli Paulaharju","99","0","Prop"
"sangen","99","0","Adv"
"sanka","9","G","N"
"San Remo","99","0","Prop"
"Sari Essayah","99","0","Prop"
"Sata-Häme","99","0","Prop"
"Sata-Häme soi","99","0","Prop"
"Sauli Niinistö","99","0","Prop"
"saunonta","99","0","N"
"Schengen","5","0","Prop"
"Schumann","5","0","Prop"
"Scot","5","0","Prop"
"scriptlet","5","0","N"
"SDP","99","0","Acro"
"Sdp","99","0","Prop"
"Sebban","5","0","Prop"
"Seinäjoen Tangomarkkinat","99","0","Prop"
"semmonen","38","0","A"
"Senna","99","0","Prop"
"sentakia","99","0","P"
"sentähden","99","0","P"
"senvuoksi","99","0","P"
"Seppo Räty","99","0","Prop"
"Seppo Tyni","99","0","Prop"
"seppä","10","B","N"
"Serla","99","0","Prop"
"servlet","5","0","N"
"Sevin","99","0","Prop"
"SEW-Eurodrive","99","0","Acro"
"SGML","99","0","Acro"
"SGML-kieli","26","0","N"
"shareware","8","0","N"
"Sharon Stone","99","0","Prop"
"Shearer","99","0","Prop"
"Sheba","99","0","Prop"
"Sheherazade","99","0","Prop"
"Sheryl","99","0","Prop"
"Shikolenko","99","0","Prop"
"Sibelius-Akatemia","99","0","Prop"
"sikin","99","0","P"
"sikinsokin","99","0","P"
"silminnähden","99","0","N"
"Simeoni","99","0","Prop"
"Simpauttaja","99","0","Prop"
"Simpson","99","0","Prop"
"sir","99","0","N"
"Sisu-Auto","99","0","Prop"
"Sisä-Suomi","99","0","Prop"
"sisäänkirjautuminen","38","0","N"
"sitäpaitsi","99","0","Conj"
"siviili","6","0","N"
"SK","99","0","Acro"
"SKDL","99","0","Acro"
"Ski-Doo","99","0","Prop"
"skimmaus","39","0","N"
"skimmauslaite","48","C","N"
"Skopin","99","0","Prop"
"Skp","99","0","Acro"
"Slite","99","0","Prop"
"Snellmaninkatu","99","0","Prop"
"SOAP","99","0","Acro"
"sofistikoitu","99","0","N"
"SOK","99","0","Acro"
"Soon","99","0","Prop"
"sosiaali-","99","0","Pre"
"sosiaali- ja terveysministeriön","99","0","N"
"sosialidemokraatit","99","0","N"
"sosialidemokraattinen","38","0","N"
"sov.","99","0","Abbr"
"sp.","99","0","Abbr"
"Spice Girls","99","0","Prop"
"Spinin","99","0","Prop"
"SPR","99","0","Acro"
"SQL","99","0","Acro"
"SQL-kieli","26","0","N"
"Stan","99","0","Prop"
"Steffi","99","0","Prop"
"Steve Forbes","99","0","Prop"
"Stocka","99","0","Prop"
"Stokkan kello","99","0","Prop"
"Stolle","99","0","Prop"
"Stone","99","0","Prop"
"Story","99","0","Prop"
"striimaus","39","0","N"
"Strongbow","99","0","Prop"
"studia generalia","99","0","N"
"stylus","39","0","N"
"suinpäin","99","0","P"
"SUL","99","0","Acro"
"sulloontua","99","0","V"
"summa","10","0","N"
"suom.","99","0","Abbr"
"Suomen Posti","99","0","Prop"
"Suomen Unicef","99","0","Prop"
"Susanna Haavisto","99","0","Prop"
"sutjakas","99","0","N"
"suukotella","99","0","V"
"suur-","99","0","Pre"
"suur-Kroatia","99","0","N"
"suurkuluttajuus","99","0","N"
"suur-Serbia","99","0","N"
"suussasulava","99","0","N"
"SV","99","0","Acro"
"Svenska Dagbladet","99","0","Prop"
"syndikointi","5","J","N"
"syttymisraja","99","0","N"
"syttymissyy","99","0","N"
"syöpä","10","E","N"
"sähköp.","99","0","Abbr"
"säilyttämispakko","99","0","N"
"säv.","99","0","Abbr"
"säveltämisvuonna","99","0","Adp"
"Söul","99","0","Prop"
"t","99","0","Acro"
"T","99","0","Acro"
"Tabori","99","0","Prop"
"tahalteen","99","0","Adv"
"Taideteollinen korkeakoulu","99","0","Prop"
"Taika-Jim","99","0","Prop"
"Taiteen keskustoimikunta","99","0","Prop"
"taiteilijuus","99","0","N"
"Talbot","99","0","Prop"
"talvimatkaileva","99","0","N"
"Tammer","99","0","Prop"
"Tammerfest","99","0","Prop"
"Tampella","99","0","Prop"
"Tampereen Teatteri","99","0","Prop"
"Tana","99","0","Prop"
"Tanja Karpela","99","0","Prop"
"tapahtumattomuus","99","0","N"
"tapas","99","0","N"
"Tarantino","99","0","Prop"
"Tarja Halonen","99","0","Prop"
"Tarja Ylitalo","99","0","Prop"
"Tarmo Mannin","99","0","Prop"
"Tauno Palo","99","0","Prop"
"tax free -myymälä","99","0","N"
"TB","99","0","Acro"
"TCP","99","0","Acro"
"TCP/IP","99","0","Acro"
"Technics","99","0","Prop"
"tehtäväksianto","99","0","N"
"Tekniikan Maailma","99","0","Prop"
"Tergat","99","0","Prop"
"Tess","99","0","Prop"
"Thatcher","99","0","Prop"
"Thorpe","99","0","Prop"
"TI","99","0","Acro"
"tiedontuottamiskyky","99","0","N"
"tiedotella","99","0","V"
"Times","99","0","Prop"
"timmi","99","0","N"
"Timo Harakka","99","0","Prop"
"Timo Jutila","99","0","Prop"
"Timo Seppälä","99","0","Prop"
"Tiranaan","99","0","Prop"
"tirinä","99","0","N"
"TM","99","0","Acro"
"Todd","99","0","Prop"
"tollanen","38","0","A"
"tolvana","12","0","N"
"Tommi Mäkinen","99","0","Prop"
"tommonen","38","0","A"
"tomppeli","6","0","N"
"Toni Nieminen","99","0","Prop"
"tonttu","1","C","N"
"Tony Blair","99","0","Prop"
"toope","8","0","N"
"Tos","99","0","Prop"
"Tosca","99","0","Prop"
"Tove Jansson","99","0","Prop"
"transatlanttinen","38","0","A"
"treenaantua","99","0","V"
"trollaus","39","0","N"
"trolli","5","0","N"
"TS","99","0","Acro"
"Tšekin tasavalta","99","0","Prop"
"tsiigata","99","0","V"
"Tsingis-kaani","99","0","Prop"
"TTKK","99","0","Acro"
"tuhopoltettu","99","0","N"
"tuhoutumiskertomus","99","0","N"
"Tuija Brax","99","0","Prop"
"tunnettavuus","99","0","N"
"tunnistuslähde","48","D","N"
"Ture Ara","99","0","Prop"
"turkkalainen","99","0","N"
"Turun ja Porin lääni","99","0","Prop"
"tuttava","10","0","N"
"tuttu","1","C","N"
"tyhjäkäyttäminen","99","0","N"
"Tynan","99","0","Prop"
"Tyrrell","99","0","Prop"
"tyylipukeutuja","99","0","N"
"työssäkäyvä","99","0","N"
"työssäollut","99","0","N"
"tänää","99","0","Adv"
"täydentävyys","40","0","N"
"täysperävaunullinen","99","0","N"
"täysvarmistus","39","0","N"
"täysvarmuuskopiointi","5","J","N"
"täysvärisyys","40","0","N"
"u","99","0","Acro"
"U","99","0","Acro"
"Ufaa","99","0","Prop"
"Ukko-Pekka","99","0","Prop"
"Ulfssonin","99","0","Prop"
"ulosjääminen","99","0","N"
"uloskirjautuminen","38","0","N"
"Ulpu Iivari","99","0","Prop"
"ultra","99","0","N"
"Unicef","99","0","Prop"
"unix-","99","0","N"
"Unix-järjestelmä","99","0","Prop"
"upata","73","B","V"
"Urho Kekkonen","99","0","Prop"
"URL","99","0","Acro"
"URL-osoite","48","C","N"
"USA","99","0","Acro"
"USB-liitäntä","9","J","N"
"USB-modeemi","5","0","N"
"USB-muisti","5","0","N"
"useampivuotinen","99","0","N"
"Ushuaian","99","0","Prop"
"Utu","99","0","Prop"
"uudelleenkirjoittaa","99","0","V"
"uudelleenkäynnistys","39","0","N"
"Uuno Turhapuro","99","0","Prop"
"uuspunkkareita","99","0","N"
"uussubjektivismi","99","0","N"
"uustyhmyys","99","0","Prop"
"v.","99","0","Abbr"
"v","99","0","Acro"
"V","99","0","Acro"
"vaa","99","0","P"
"Vaasan Sähkö","99","0","Prop"
"Vaasantie","99","0","Prop"
"vaikeiten","99","0","Adv"
"vaja","9","0","N"
"Valeri","99","0","Prop"
"Valérie","99","0","Prop"
"valkea","15","0","N"
"valko-","99","0","Pre"
"valkoinen","38","0","N"
"valmisteluttaa","99","0","A"
"valtaanpaluu","99","0","N"
"valutella","99","0","N"
"van","99","0","Prop"
"vas.","99","0","Abbr"
"vastakeitetty","99","0","N"
"vastaperustettu","99","0","N"
"vasuri","6","0","N"
"vatsalteen","99","0","Adv"
"vauhdittaja","99","0","V"
"Veijo Meri","99","0","Prop"
"Veikko Sinisalo","99","0","Prop"
"velho","1","0","N"
"veretseisauttava","99","0","N"
"verkkohäiriköinti","5","J","N"
"Versace","99","0","Prop"
"vibrahälytys","99","0","N"
"vieläkin","99","0","P"
"vieläkö","99","0","P"
"vietto","1","C","N"
"viher-","99","0","Pre"
"viherikä","10","0","N"
"vihollinen","38","0","N"
"viimein","99","0","Adv"
"viininjuoja","99","0","N"
"vilu","1","0","N"
"viraalivideo","3","0","N"
"viraltapannu","99","0","N"
"virkaanastuminen","99","0","N"
"virkahtaa","53","F","V"
"virtuaalihahmo","1","0","N"
"virtuaalilähiverkko","1","A","N"
"vissii","99","0","Adv"
"Vito","99","0","Prop"
"Vivienne","99","0","Prop"
"voi hyvin","99","0","P"
"VoIP-hiiri","24","0","N"
"VoIP-ohjelmisto","1","0","N"
"VoIP-puhelu","2","0","N"
"VoIP-tekniikka","14","A","N"
"VoIP-teknologia","12","0","N"
"von","99","0","Prop"
"vonkuna","99","0","N"
"VPS","99","0","Acro"
"vuokrailla","99","0","V"
"vv.","99","0","Abbr"
"VW","99","0","Acro"
"Väinö Linna","99","0","Prop"
"väkäsekäs","99","0","N"
"Väli-Amerikka","99","0","Prop"
"Väli-Suomi","99","0","Prop"
"väärinäänestäminen","99","0","N"
"w","99","0","Acro"
"W","99","0","Acro"
"Walesa","99","0","Prop"
"WAP","99","0","Acro"
"WAP-portaali","5","0","N"
"WAP-puhelin","33","0","N"
"Wasa Queen","99","0","Prop"
"Wayne Gretzky","99","0","Prop"
"webmaster","5","0","N"
"Wendlinger","99","0","Prop"
"Whitaker","99","0","Prop"
"Wi-Fi-merkintä","9","J","N"
"wikipedia","10","0","Prop"
"William Cohen","99","0","Prop"
"wimax-tekniikka","14","A","N"
"Windows 95","99","0","Acro"
"WLAN-alue","48","0","N"
"WLAN-puhelin","33","0","N"
"WLAN-puhelu","2","0","N"
"Wolseley","99","0","Prop"
"www","99","0","Acro"
"Wäinö Aaltonen","99","0","Prop"
"x","99","0","Acro"
"X","99","0","Acro"
"XML","99","0","Acro"
"XML-kieli","26","0","N"
"Y2K","99","0","Acro"
"Y2K-yhteensopivuus","40","0","N"
"y","99","0","Acro"
"Y","99","0","Acro"
"yhdentymisprosessi","5","0","N"
"Yhdistyneet Arabiemiirikunnat","99","0","Prop"
"Yhdistyneet Kansakunnat","99","0","Prop"
"Yhdyspankin","99","0","Prop"
"yhtäaikaa","99","0","N"
"yhtälailla","99","0","N"
"yhyy","99","0","Intj"
"YK","99","0","Acro"
"yksinpuheleminen","99","0","N"
"yksisarvinen","38","0","N"
"yksityistämiskampanja","99","0","N"
"ylhäältäpäin","99","0","N"
"ylikorostunut","47","0","A"
"YMP","99","0","Acro"
"yms.","99","0","Abbr"
"Yrittäjäin Fennian","99","0","Prop"
"YUTP","99","0","Acro"
"z","99","0","Acro"
"Z","99","0","Acro"
"ž","99","0","Acro"
"Ž","99","0","Acro"
"Zemin","99","0","Prop"
"Zola","99","0","Prop"
"å","99","0","Acro"
"Å","99","0","Acro"
"ä","99","0","Acro"
"Ä","99","0","Acro"
"Äiti Teresa","99","0","Prop"
"ärähdellä","99","0","V"
"ääh","99","0","Intj"
"ö","99","0","Acro"
"Ö","99","0","Acro"
"ör","99","0","Intj"
"örr","99","0","Intj"
"öö","99","0","N"
