new_para	deletion
A_AAKKOSELLINEN	nen
A_AAVA	a
A_ABNORMAALI	i
A_ABNORMI	i
A_AHNE	
A_AIEMPI	pi
A_AINOA	a
A_AINUT	t
A_ALASTON	n
A_AUTIO	
A_AUTUAS	s
A_AVOIN	n
A_BEIGE	
A_EHTA	ta
A_EHYT	t
A_GAY	
A_HAILAKKA	ka
A_HALPA	pa
A_HAPAN	an
A_HAPERA	a
A_HARMAJA	a
A_HARRAS	ras
A_HELLE	le
A_HIDAS	das
A_HOIKKA	ka
A_HUPAKKO	ko
A_HURTTI	ti
A_HÄPÄISTY	
A_HÖLÖ	
A_HÖMPPÄ	pä
A_HÖPPÄNÄ	ä
A_IKÄLOPPU	pu
A_JÄREÄ	ä
A_KADE	de
A_KELPO	po
A_KOHELO	
A_KOLKKO	ko
A_KORKEA	a
A_KULTA	ta
A_KULUNUT	ut
A_KYLMÄJÄRKINEN	nen
A_KYVYTÖN	ön
A_KYYTTÖ	tö
A_KÄYPÄ	pä
A_KÖKKÖ	kö
A_LAKO	ko
A_LATUSKA	a
A_LENKO	ko
A_LÄHEMPI	pi
A_LÄHTEISYYS	s
A_LÄMMIN	min
A_LÄNTÄ	tä
A_LÄTYSKÄ	ä
A_LÖPERÖ	
A_LÖRPPÖ	pö
A_MARTO	to
A_MATALA	a
A_MATTA	ta
A_MELTO	to
A_MENTY	ty
A_MIETO	to
A_MUU	u
A_MYKKÄ	kä
A_MÄRKÄ	kä
A_MÄTÄ	tä
A_OHUT	t
A_OIKEE	e
A_OPAAKKI	ki
A_PAHIN	n
A_PANTU	tu
A_PARANNELTU	tu
A_PARAS	as
A_PEEAA	a
A_PIENI	i
A_PIERTY	ty
A_PINKKI	ki
A_PITKÄ	tkä
A_POHATTA	ta
A_POPPA	pa
A_PURTU	tu
A_RAAKA	ka
A_RAITIS	is
A_RAMPA	pa
A_REHTI	ti
A_REIPAS	as
A_RIETAS	as
A_RIIVIÖ	
A_RUMA	a
A_RÄVÄKKÄ	kä
A_SANKA	ka
A_SIPPI	pi
A_SISIN	n
A_STYDI	i
A_SUIPPO	po
A_SUOLISTETTAVA	a
A_SUURI	i
A_SYMPPIS	s
A_SYYPÄÄ	ä
A_SÄIKKY	ky
A_SÄKKÄRÄ	ä
A_TARKKA	ka
A_TERVE	
A_TERÄVÄ	ä
A_TIIVIS	is
A_TOOPE	
A_TUHTI	ti
A_TUMMAHKO	
A_TURTA	ta
A_TYHMÄ	ä
A_TYVEN	
A_TYYLIKÄS	äs
A_TYÖLLISTETTÄVÄ	ä
A_TYÖLÄS	s
A_TÄYSI	si
A_UUSI	si
A_VALKAISTU	
A_VALMIS	is
A_VAPAA	a
A_VASEN	n
A_VELTTO	to
A_VENTO	to
A_VIATON	on
A_VIHANTA	ta
A_VIIPALOITU	tu
A_VIMMATTU	tu
A_VIRKKU	ku
A_VOIMAKAS	as
A_VOIPA	pa
A_VÄHÄTELTY	ty
A_VÄNKÄ	kä
A_VÄÄRTTI	ti
A_YKSILÖITY	ty
A_YLENNETTY	ty
A_ÄLLISTYNYT	yt
A_ÖYKKÄRI	i
N_AAKKOSELLISUUS	s
N_AAKKOSTAMINEN	nen
N_AALLOT	lot
N_AAMUKAHDEKSAN	an
N_AAMUKOLME	e
N_AAMUKYMMENEN	en
N_AAMUYHDEKSÄN	än
N_AAMUYKSI	ksi
N_AARRE	re
N_AHDET	det
N_AIKA	ika
N_AIVOKUOLLUT	ut
N_AIVOT	t
N_AJATAR	ar
N_ALKEET	keet
N_ALKU	ku
N_ALLAS	las
N_ALTIS	is
N_ANTIMET	timet
N_APE	e
N_APU	pu
N_ARISTOTELES	s
N_ARKI	ki
N_ASEMA	a
N_ASKAR	
N_ASKELLIN	lin
N_ASTE	
N_ASU	
N_ASUKAS	as
N_ATERIMET	met
N_AUER	er
N_BÉBÉ	
N_BEIGNET	
N_BERNIE	
N_BESSERWISSER	
N_BIDEE	e
N_BIKINIT	t
N_BORDEAUX	
N_BRASSERIE	
N_BRIE	
N_BÄNET	t
N_CAMUS	
N_CHACHACHA	
N_COMPOUND	
N_COWBOY	
N_DIMITRIS	s
N_EKKE	ke
N_ELIN	n
N_ELÄMÄ	ä
N_EPÄILTY	ty
N_ESQUIMAU	
N_EUGENE	
N_FARKUT	ut
N_FARMARIT	it
N_FIFA	
N_FONDUE	
N_FONDYY	y
N_FÄNRIKIT	it
N_GAY	
N_HAAKSI	ksi
N_HAI	i
N_HAIT	it
N_HAMMAS	mas
N_HAPAN	an
N_HAPPI	pi
N_HAPPO	po
N_HAPSI	psi
N_HARMAAT	at
N_HEITIN	in
N_HENKI	ki
N_HEPO	po
N_HIIRI	i
N_HIPAT	at
N_HIRTTO	to
N_HIUTALEET	et
N_HOKSOTTIMET	et
N_HONKA	ka
N_HOPEAT	at
N_HORTA	ta
N_HOUSUT	t
N_HUOLITELTU	tu
N_HUPI	pi
N_HYLJE	je
N_HYLKY	ky
N_HYNTTEET	teet
N_HYNTTYYT	tyyt
N_HYÖTYY	y
N_HÄIRIÖ	
N_HÄKKI	ki
N_HÄKKYRÄ	ä
N_HÄMET	t
N_HÄMMINKI	ki
N_HÄNNÄT	ät
N_HÄNTÄ	tä
N_HÄRKIN	n
N_HÄVINNEET	et
N_HÄÄT	ät
N_HÄÄTÖ	tö
N_HÖLKKÄ	kä
N_HÖPÖTTÄJÄ	ä
N_HÖYHENET	et
N_IEN	en
N_IES	es
N_IKENET	kenet
N_IMMYT	myt
N_INGET	get
N_ITÄMAAT	at
N_JEPPE	pe
N_JOCKEY	
N_JOUKOT	ot
N_JOUTSEN	
N_JUHLAT	at
N_JUMALA	a
N_JUOVAT	vat
N_JYLKYT	yt
N_JÄLSI	si
N_JÄRJESTÖT	t
N_JÄRKI	ki
N_JÄRVITAHDON	don
N_JÄÄTELÖ	
N_KAARET	et
N_KAARRET	ret
N_KAARROT	rot
N_KALATOIN	oin
N_KAMPPEET	peet
N_KANAALI	i
N_KANGASALA	a
N_KANGAS	gas
N_KANKAHAT	hat
N_KANNEL	nel
N_KANNET	net
N_KARRAT	rat
N_KASTANJETIT	it
N_KASTIKE	e
N_KASTILJAT	at
N_KAUSI	si
N_KEHVELI	i
N_KELTIS	is
N_KENGÄT	gät
N_KENKÄ	kä
N_KENTTÄ	tä
N_KENTÄT	ät
N_KERITSIMET	met
N_KERROIN	roin
N_KERTA	ta
N_KEVÄT	t
N_KIDE	de
N_KIELTO	to
N_KIERRE	re
N_KIERRIN	rin
N_KIHARAT	t
N_KIHARRIN	rin
N_KIINNE	ne
N_KIIRU	
N_KILPIKKÄÄT	käät
N_KILPI	pi
N_KINNAS	nas
N_KINNER	ner
N_KIRITTÄRET	täret
N_KIRJA	a
N_KIRVES	s
N_KITARA	a
N_KIVI	i
N_KLUMPIT	it
N_KOE	e
N_KOKO	ko
N_KOMPA	pa
N_KORPI	pi
N_KORTES	es
N_KORTET	et
N_KORTTI	ti
N_KORVET	vet
N_KOUVOT	t
N_KREUS	s
N_KUITU	tu
N_KUMMUT	mut
N_KUNGFU	
N_KUNNAT	nat
N_KUNTA	ta
N_KUOPAT	at
N_KUOPPA	pa
N_KUPPI	pi
N_KUTSUNTA	ta
N_KUULOKKEET	keet
N_KUUS	s
N_KYDÖT	döt
N_KYKY	ky
N_KYLKIÄINEN	nen
N_KYLÄNVANHIN	n
N_KYNNET	net
N_KYNNÄÄT	ät
N_KYSYNTÄ	tä
N_KYYNEL	
N_KÄKI	ki
N_KÄMMEKKÄ	kä
N_KÄPY	py
N_KÄPÄLÄ	ä
N_KÄRJET	jet
N_KÄRRY	
N_KÄRSÄKÄS	äs
N_KÄRÄJÄT	t
N_KÄSITE	e
N_KÄÄDYT	dyt
N_KÄÄNNIN	nin
N_KÄÄNTÖ	tö
N_KÖNGÄS	gäs
N_KÖYHYYS	s
N_KÖYSI	si
N_KÖÖ	ö
N_LAET	et
N_LAHDET	det
N_LAHTI	ti
N_LAIDUN	dun
N_LAKI	ki
N_LAMMET	met
N_LAMMI	pi
N_LAMMIT	mit
N_LANKA	ka
N_LANNET	net
N_LAPSI	psi
N_LASIT	t
N_LEHDET	det
N_LEHTI	ti
N_LEIKKUU	u
N_LEIPÄ	pä
N_LENTTEE	e
N_LEPAKKO	ko
N_LIEMI	mi
N_LIITTOUTUNEET	et
N_LIIVIT	t
N_LINGOT	got
N_LINTU	tu
N_LIPEÄ	ä
N_LIPOTTARET	taret
N_LIPPU	pu
N_LIUKU	ku
N_LIVVADIEVÁT	t
N_LOKA	ka
N_LOKKI	ki
N_LOMMOL	mol
N_LOTTE	te
N_LOUET	et
N_LUHDAT	dat
N_LUKU	ku
N_LUMME	me
N_LUODE	de
N_LUODES	des
N_LUOKKA	ka
N_LUOLIKOT	ot
N_LUPA	pa
N_LUSIKKA	ka
N_LÄHDES	des
N_LÄHDET	det
N_LÄHIN	n
N_LÄMMIN	min
N_LÄMPÖ	pö
N_LÄNGET	get
N_LÄNSI	si
N_LÄÄKE	e
N_LÖPÖ	pö
N_MAA	a
N_MAKKARA	a
N_MAKU	ku
N_MALKO	ko
N_MALMÖ	
N_MALTAAT	taat
N_MANNER	ner
N_MARKKINAT	t
N_MATEE	e
N_MATKUET	et
N_MERI	i
N_MERTU	tu
N_METTE	te
N_MIEHET	het
N_MIELENGE	ge
N_MIELLE	le
N_MIES	s
N_MILJÖÖT	öt
N_MILJÖÖ	ö
N_MITTA	ta
N_MONSIEUR	
N_MULTA	ta
N_MURTEET	teet
N_MUUNNIN	nin
N_MYRKKY	ky
N_MÄET	et
N_MÄNNYT	nyt
N_MÄNTY	ty
N_MÄTTÄÄT	täät
N_MÄTÄS	äs
N_MÖMMÖ	
N_MÖRKÖ	kö
N_NALLE	
N_NEITSYT	t
N_NEUVOTTELUT	t
N_NIEMET	t
N_NIHTI	ti
N_NIITUT	ut
N_NIITYT	yt
N_NIMETÖIN	töin
N_NIMETÖN	tön
N_NISSE	
N_NOKI	ki
N_NOUGAT	
N_NUGAA	a
N_NUKKE	ke
N_NYLJIN	jin
N_NÄKY	ky
N_NÄKÖ	kö
N_NÄLKÄ	kä
N_OIKEUDET	det
N_OLKA	ka
N_OLUT	t
N_OMMEL	mel
N_ONKI	ki
N_ONNET	et
N_ONNI	i
N_OOKOO	o
N_OPINNOT	not
N_ORI	i
N_OSATON	ton
N_OSOITE	e
N_PAIKAT	at
N_PANKIT	it
N_PARFAIT	
N_PATA	ta
N_PATEE	e
N_PATSAS	s
N_PEIPOT	ot
N_PELKO	ko
N_PELTI	ti
N_PENGER	ger
N_PERKEET	keet
N_PIDOT	dot
N_PIENNAR	nar
N_PIHDIT	dit
N_PII	i
N_PIIROA	a
N_PINSETIT	it
N_PIPPALOT	t
N_PISTE	
N_POHATTA	ta
N_POHJE	je
N_POIKA	ika
N_POIUT	ut
N_POJAT	jat
N_POLITIIKKA	ka
N_POLJIN	jin
N_PONSI	si
N_PORRAS	ras
N_PORTAAT	taat
N_PROBLEEMA	a
N_PUHELIN	n
N_PUIN	in
N_PUKIMET	met
N_PUNK	
N_PUUT	ut
N_PUU	u
N_PYHTÄÄ	ä
N_PYTTY	ty
N_PYYHE	e
N_PYYHIN	in
N_PYYT	yt
N_PYY	y
N_PÄÄ	ä
N_PÖKSYT	t
N_PÖLHÄÄT	ät
N_PÖLLÖT	t
N_PÖNTTÖ	tö
N_PÖYTÄ	tä
N_RAAVIN	vin
N_RAGUU	u
N_RAKENNE	ne
N_RAMPA	pa
N_RANGAT	gat
N_RANNAT	nat
N_RAPPE	pe
N_RAPPUSET	set
N_RAPUT	ut
N_RATAS	as
N_RATTAAT	taat
N_RAUDAT	dat
N_RAUNIOT	t
N_RAVET	t
N_RAVUT	vut
N_REGGAE	
N_REIKÄ	kä
N_REIÄT	ät
N_RENKAAT	kaat
N_RIIPI	pi
N_RIIVET	vet
N_RIMMI	pi
N_RIMMIT	mit
N_RIMPI	pi
N_RINNET	net
N_RINTEET	teet
N_RIPE	e
N_RIPSET	et
N_RIUTAT	at
N_ROHTIMET	timet
N_ROITOT	ot
N_ROMPAAT	paat
N_ROSÉ	
N_ROTAT	at
N_ROTTA	ta
N_RUIPELO	
N_RUIS	is
N_RUMPU	pu
N_RUNKO	ko
N_RUOKA	oka
N_RUOKO	ko
N_RUOPPAAT	paat
N_RUUHI	i
N_RUUMIS	s
N_RUUVI	i
N_RYNNÄS	näs
N_RYNTTYYT	tyyt
N_RYNTÄÄT	täät
N_RYPÄS	äs
N_RYYPPY	py
N_RÄJÄYTYS	s
N_RÄMEET	et
N_RÄMEÄT	ät
N_RÄMIÄT	ät
N_SAAPAS	as
N_SAARET	et
N_SAKSET	et
N_SALONTEET	teet
N_SALPA	pa
N_SAMMALET	et
N_SAMPI	pi
N_SAMPO	po
N_SANKARI	i
N_SEIKKAILU	
N_SEIVÄS	väs
N_SELENE	
N_SELJÄT	jät
N_SEPPÄ	pä
N_SERGEJ	
N_SERKUKSET	kset
N_SHOW	
N_SIEMEN	
N_SIIRTO	to
N_SIIVILÄ	ä
N_SILAKAT	at
N_SILMÄKKEET	keet
N_SISÄLTÖ	tö
N_SIUNAAMATTOMAT	tomat
N_SIVELLIN	lin
N_SIVISTYNYT	yt
N_SKEITTI	ti
N_SOINTI	ti
N_SOKEA	a
N_SOTA	ta
N_SPOTIFY	
N_STADION	
N_SUHTEET	teet
N_SUKAT	at
N_SULKA	ka
N_SUODATIN	in
N_SUOT	uot
N_SYDÄN	n
N_SYLI	i
N_SYLTÄ	tä
N_SYNNYTTIMET	timet
N_SYÖMINGIT	git
N_SÄEN	en
N_SÄNKY	ky
N_SÄRKÄT	ät
N_SÄRVIN	vin
N_SÄÄDIN	din
N_SÄÄNNÖT	nöt
N_SÄÄRET	et
N_TAIMI	mi
N_TAIVAL	val
N_TALKOOT	ot
N_TALO	
N_TANHUA	a
N_TARPEET	peet
N_TARVE	ve
N_TAUDIT	dit
N_TAUTI	ti
N_TAVAT	vat
N_TEE	e
N_TEHDAS	das
N_TEHTAAT	taat
N_TEKO	ko
N_TIE	ie
N_TIENOO	o
N_TIETEET	teet
N_TIET	iet
N_TIHVII	i
N_TIKKAAT	kaat
N_TIKKU	ku
N_TIPPA	pa
N_TOIMET	et
N_TOKEE	e
N_TONGIT	git
N_TORTTU	tu
N_TOULAT	at
N_TRIKOO	o
N_TULI	i
N_TUNNIT	nit
N_TUNTO	to
N_TUOMIO	
N_TYPPI	pi
N_TYTÄR	är
N_TYTÖT	öt
N_TYYLI	i
N_TYYPPI	pi
N_TYÖTTÖMÄT	tömät
N_TYÖT	yöt
N_TYÖ	yö
N_TÖLPÄKÖT	öt
N_TÖLPÄT	ät
N_TÖRPPÖ	pö
N_UDAR	dar
N_UKKO	ko
N_UKSI	ksi
N_ULAPPA	pa
N_UROS	s
N_VAADIN	din
N_VAAKA	ka
N_VAANII	i
N_VAASAN	
N_VAATTEET	teet
N_VAINAA	a
N_VAKUUTUS	s
N_VALJAAT	at
N_VALLAT	at
N_VALTA	ta
N_VANHEMMAT	mat
N_VANHEMPI	pi
N_VANKI	ki
N_VANTUS	us
N_VARAS	as
N_VARAT	at
N_VARPAAT	paat
N_VARSI	si
N_VARVAS	vas
N_VASEN	n
N_VEHKEILY	
N_VEITSI	tsi
N_VELI	i
N_VELJET	jet
N_VEMMEL	mel
N_VERI	i
N_VERSAILLES	
N_VETIMET	timet
N_VETO	to
N_VETY	ty
N_VIENTI	ti
N_VIHKIÄISET	set
N_VIIRRET	ret
N_VIIS	s
N_VIIVE	ve
N_VIKA	ka
N_VINKU	ku
N_VIRRET	ret
N_VIRSI	si
N_VODĂ	ă
N_VOIMA	a
N_VUODET	det
N_VUOLLE	le
N_VUOLLET	let
N_VUOSITUHAT	t
N_VUO	uo
N_VÄRTÖ	tö
N_YHTIÖT	t
N_YKSIKKÖ	kö
N_YLKÄ	kä
N_YLÄNKÖ	kö
N_YLÖÖ	ö
N_YMPÄRYSTÄ	ä
N_YRITTÄ	tä
N_YSTÄVYKSET	kset
N_YÖKKÖ	kö
N_ZEN	
N_ZOMBIE	
N_ÄYRÄS	s
V_AALLOTA	lota
V_AHNEHTIA	tia
V_AMPUA	pua
V_ARVAILLA	illa
V_ARVATA	ta
V_AUTTAA	taa
V_DIGATA	ata
V_EHTIÄ	tiä
V_EI	ei
V_ENTÄÄ	tää
V_ERATA	ata
V_ETUILLA	la
V_HALAJAA	ta
V_HALJETA	jeta
V_HAPATA	ata
V_HARPPOA	poa
V_HAUKKOA	koa
V_HELLITÄ	litä
V_HELPOTA	ota
V_HELÄJÄÄ	ää
V_HERMOTTUA	tua
V_HERÄTELLÄ	ellä
V_HIIPUA	pua
V_HIVENTÄÄ	tää
V_HUMALTUA	tua
V_HUONONTAA	taa
V_HUUTAA	taa
V_HYLJÄTÄ	jätä
V_HYLKIÄ	kiä
V_HYPELLÄ	ellä
V_HYPPIÄ	piä
V_HÄVÄISTÄ	väistä
V_ILJETÄ	jetä
V_INNOTA	nota
V_IRROTA	rota
V_ISÄNNÖIDÄ	idä
V_JAHDATA	data
V_JOUTAA	taa
V_JUOSTA	sta
V_JYRKETÄ	etä
V_JÄÄDÄ	ädä
V_KAATAA	taa
V_KAIKOTA	ota
V_KAIVATA	vata
V_KALPPIA	pia
V_KAMMETA	meta
V_KANTAA	taa
V_KARHETA	ta
V_KARHUTA	ta
V_KASVAA	aa
V_KAUNISTUA	a
V_KAVETA	veta
V_KERETÄ	etä
V_KERITÄ	itä
V_KIERTYÄ	tyä
V_KIETOA	toa
V_KIHERRELLÄ	rellä
V_KIILLELLÄ	lellä
V_KIINNETÄ	netä
V_KIITÄÄ	tää
V_KIRVOTA	vota
V_KIVETTYÄ	tyä
V_KIVETÄ	vetä
V_KIVISTÄÄ	ää
V_KIVUTA	vuta
V_KOMENNELLA	nella
V_KONTIA	tia
V_KOPIOIDA	ida
V_KORVETA	veta
V_KOSIA	ia
V_KOUKUTA	uta
V_KUHERTAA	taa
V_KUKKIA	kia
V_KUMMUTA	muta
V_KUTEA	tea
V_KYNTÄÄ	tää
V_KYTKEÄ	eä
V_KÄRKKYÄ	kyä
V_KÄYDÄ	ydä
V_KÄÄNNELLÄ	nellä
V_LASSOTA	ta
V_LEIKELLÄ	ellä
V_LEPPYÄ	pyä
V_LEPÄILLÄ	illä
V_LEUDOTA	dota
V_LEVÄTÄ	vätä
V_LIIDUTA	duta
V_LOBATA	ata
V_LOITOTA	ota
V_LOPPUA	pua
V_LOTOTA	ota
V_LUNTATA	ata
V_LUUTUTA	uta
V_LÄHTEÄ	hteä
V_LÄMMETÄ	metä
V_LÄMMITÄ	mitä
V_LÄNTÄTÄ	ätä
V_MARISTA	ta
V_MAUKUA	kua
V_MELLAKOIDA	ida
V_MENNÄ	nnä
V_MERKITÄ	tä
V_MIELTYÄ	tyä
V_MIETTIÄ	tiä
V_MOITTIA	tia
V_MOJAHTAA	taa
V_MORKATA	ata
V_MULLATA	lata
V_MUODOTA	dota
V_MUTRISTAA	aa
V_MYYDÄ	ydä
V_MÄDÄTÄ	dätä
V_MÄIKYÄ	kyä
V_MÖNKIÄ	kiä
V_NAKELLA	ella
V_NAKERRELLA	rella
V_NIUKETA	eta
V_NUOKKUA	kua
V_NÄHDÄ	hdä
V_NÄPERTÄÄ	tää
V_OLLA	olla
V_OMMELLA	mella
V_ONKIA	kia
V_PALKITA	ta
V_PANNA	nna
V_PEITOTA	ota
V_PENKOA	koa
V_PIDETÄ	detä
V_PIERRÄ	rä
V_PIESTÄ	stä
V_PINGOTA	gota
V_POIKETA	eta
V_POLKEA	kea
V_PUKEA	kea
V_PULPUTA	uta
V_PUNOA	a
V_PURKAA	kaa
V_PUSERTUA	tua
V_PYYTÄÄ	tää
V_PÄTEÄ	teä
V_RAAPIA	pia
V_RAIKAA	a
V_RANGAISTA	gaista
V_RENNOTA	nota
V_REVETÄ	vetä
V_RIIPIÄ	piä
V_ROHJETA	jeta
V_ROHTUA	tua
V_RYNNÄTÄ	nätä
V_RYPEÄ	peä
V_RYSKIÄ	iä
V_RYÖPYTÄ	ytä
V_RÄPSYTTÄÄ	tää
V_SAADA	ada
V_SAARTAA	taa
V_SAMMOTA	mota
V_SATAA	taa
V_SELVITÄ	tä
V_SIEPATA	ata
V_SILIYTYÄ	tyä
V_SILPOA	poa
V_SIVALTAA	taa
V_SORTAA	taa
V_SOTKEA	ea
V_SULATELLA	ella
V_SUPETA	eta
V_SURRA	ra
V_SUUNNATA	ata
V_SYÖDÄ	yödä
V_SYÖPYÄ	pyä
V_SÄILÖÄ	ä
V_SÄPSÄHDELLÄ	dellä
V_SÄRKEÄ	keä
V_SÖRKKIÄ	kiä
V_TAITAA	taa
V_TAKOA	koa
V_TAPELLA	ella
V_TAPPAA	paa
V_TEMMATA	mata
V_TEMPOA	poa
V_TIETÄÄ	tää
V_TIPAHDELLA	della
V_TODETA	deta
V_TUIKKAA	kaa
V_TULLA	lla
V_TUNGETA	geta
V_TUNKEA	kea
V_TUNTEA	tea
V_TUODA	uoda
V_TYHJENTYÄ	tyä
V_TYLPETÄ	etä
V_TYMPIÄ	piä
V_TÄHDÄTÄ	dätä
V_TÄHYTÄ	tä
V_ULOTA	ota
V_UPOTA	ota
V_VAAHDOTA	dota
V_VAELLELLA	lella
V_VAKAANTUA	tua
V_VARTOA	toa
V_VAVISTA	vista
V_VERRATA	rata
V_VIEDÄ	iedä
V_VIEROITTAA	taa
V_VIHELTÄÄ	tää
V_VIITTOA	toa
V_VINKUA	kua
V_VIPAJAA	aa
V_VIRKKAA	kaa
V_VONGATA	gata
V_VYYHDETÄ	detä
V_VÄHETÄ	tä
V_VÄLPÄTÄ	ätä
V_VÄNGÄTÄ	gätä
V_YLTÄÄ	tää
V_YNNÄTÄ	tä
V_YSKÄHTÄÄ	tää
V_YÖKÄTÄ	ätä
V_ÄHKÄÄ	ä
V_ÄKSYILLÄ	lä
V_ÄLLISTYÄ	ä
V_ÄNGETÄ	getä
V_ÄRISTÄ	tä
V_ÖYKKÄRÖIDÄ	idä
SYMBOL_PISTE	
SYMBOL_PILKKU	
PUNCT_NONSTD_EXCL_LOOP	
ACRO_AA	
ACRO_CELSIUS	
ACRO_DOLLARI	
ACRO_EE	
ACRO_EURO	
ACRO_GRAMMA	
ACRO_GRAY	
ACRO_II	
ACRO_JOULE	
ACRO_JÄRJESTÖ	
ACRO_KAHDEKSAN	
ACRO_KAKSI	
ACRO_KANDELA	
ACRO_KOLMAS	
ACRO_KOLME	
ACRO_KUUSI	
ACRO_LEHTI	
ACRO_LUSIKKA	
ACRO_METRI	
ACRO_NELJÄ	
#ACRO_NELJÄS	
ACRO_NOLLA	
ACRO_OHMI	
ACRO_OIKEUS	
ACRO_OK	
ACRO_OO	
ACRO_OPISTO	
ACRO_OPPILAS	
ACRO_PUNTA	
ACRO_PYKÄLÄ	
ACRO_SAIRAALA	
ACRO_SEITSEMÄN	
ACRO_SENTTI	
ACRO_TALO	
ACRO_TUOTE	
ACRO_UU	
ACRO_VIISI	
ACRO_VUOSI	
ACRO_WEBER	
ACRO_YHDEKSÄN	
ACRO_YHDISTYS	
ACRO_YKSI	
ACRO_YY	
ACRO_ZET	
ACRO_ÄKS	
ACRO_ÄÄ	
ACRO_ÖÖ	
PCLE_AIKANSA	
PCLE_ALLE	
PCLE_HAH	
PCLE_HYVILLÄÄN	än
PCLE_IKINÄ	
PCLE_ILKOSILLAAN	an
PCLE_ISTUALLEEN	en
PCLE_KOTONA	
PCLE_JO	
PCLE_JONNE	
PCLE_KUHUN	
PCLE_LEVÄLLEEN	
PCLE_VAAN	
PCLE_LISÄKSI	
PCLE_MITEN	
PCLE_NOPEASTI	
PCLE_NÄHDEN	
PCLE_NÄKYVIIN	n
PCLE_TYHMÄSTI	
PCLE_TYKÖ	
PCLE_VALTAAN	n
PCLE_VUOKSI	
PCLE_YLIPÄÄNSÄ	
PCLE_YLLE	
N_51Iso-Britannia	Iso-Britannia
N_51Mustameri	Mustameri
N_51Punainenmeri	Punainenmeri
N_51Uusikaupunki	Uusikaupunki
N_51Uusimaa	Uusimaa
N_51Uusi-Seelanti	Uusi-Seelanti
N_51aavameri	aavameri
N_51hienosokeri	hienosokeri
N_51isojako	isojako
N_51isokoskelo	isokoskelo
N_51isokuovi	isokuovi
N_51isokäpylintu	isokäpylintu
N_51isolepinkäinen	isolepinkäinen
N_51isolokki	isolokki
N_51isomaksaruoho	isomaksaruoho
N_51isomasto	isomasto
N_51isopanda	isopanda
N_51isopistooli	isopistooli
N_51isopurje	isopurje
N_51isorokko	isorokko
N_51isorumpu	isorumpu
N_51isosisar	isosisar
N_51isosisko	isosisko
N_51isotaivot	isotaivot
N_51isovarvas	isovarvas
N_51isoveli	isoveli
N_51isoviha	isoviha
N_51karkearehu	karkearehu
N_51kevytsarja	kevytsarja
N_51kirjavapillike	kirjavapillike
N_51kuivakakku	kuivakakku
N_51kuivakukka	kuivakukka
N_51kuivamuona	kuivamuona
N_51kuivapaino	kuivapaino
N_51kuivapari	kuivapari
N_51kuivarehu	kuivarehu
N_51kultainennoutaja	kultainennoutaja
N_51laiskakoira	laiskakoira
N_51lämminruoka	lämminruoka
N_51lämminvarasto	lämminvarasto
N_51lämminvaunu	lämminvaunu
N_51matalameri	matalameri
N_51mustaherukka	mustaherukka
N_51mustaleipä	mustaleipä
N_51mustaleski	mustaleski
N_51mustalintu	mustalintu
N_51mustamaija	mustamaija
N_51mustamakkara	mustamakkara
N_51mustamies	mustamies
N_51mustamulta	mustamulta
N_51mustapekka	mustapekka
N_51mustapippuri	mustapippuri
N_51mustaraamattu	mustaraamattu
N_51mustatorvisieni	mustatorvisieni
N_51mustaviinimarja	mustaviinimarja
N_51nuoriemäntä	nuoriemäntä
N_51nuoriherra	nuoriherra
N_51nuori-isäntä	nuori-isäntä
N_51nuorikarja	nuorikarja
N_51nuorimies	nuorimies
N_51nuoripari	nuoripari
N_51omakuva	omakuva
N_51omatunto	omatunto
N_51pahahenki	pahahenki
N_51pahaputki	pahaputki
N_51palavakivi	palavakivi
N_51palavapensas	palavapensas
N_51palavarakkaus	palavarakkaus
N_51pitkähousu	pitkähousu
N_51pitkäkirkko	pitkäkirkko
N_51pitkäperjantai	pitkäperjantai
N_51pitkäpiimä	pitkäpiimä
N_51pitkäsiima	pitkäsiima
N_51pitkätakki	pitkätakki
N_51pitkäthousut	pitkäthousut
N_51puolikuu	puolikuu
N_51puolimatka	puolimatka
N_51puolipäivä	puolipäivä
N_51puoliväli	puoliväli
N_51puoliyö	puoliyö
N_51raitisilma	raitisilma
N_51raskassarja	raskassarja
N_51raskasvesi	raskasvesi
N_51raskasvety	raskasvety
N_51sepiväpeippi	sepiväpeippi
N_51suorakulma	suorakulma
N_51suoraommel	suoraommel
N_51syvämeri	syvämeri
N_51särkynytsydän	särkynytsydän
N_51tyhjäpaino	tyhjäpaino
N_51täysikuu	täysikuu
N_51uusikuu	uusikuu
N_51uusivuosi	uusivuosi
N_51vanhaemäntä	vanhaemäntä
N_51vanhaisäntä	vanhaisäntä
N_51vanhakaupunki	vanhakaupunki
N_51vanhapiika	vanhapiika
N_51vanhapoika	vanhapoika
N_51vierasmies	vierasmies
X_51eikä	eikä
X_51ehkei	ehkei
X_51ettei	ettei
X_51jollei	jollei
X_51jottei	jottei
X_51miksei	miksei
X_51muttei	muttei
X_51vaikkei	vaikkei
NUM_51kahdeksanbiljardia	kahdeksanbiljardia
NUM_51kahdeksanbiljoonaa	kahdeksanbiljoonaa
NUM_51kahdeksandekiljardia	kahdeksandekiljardia
NUM_51kahdeksandekiljoonaa	kahdeksandekiljoonaa
NUM_51kahdeksanduodekiljardia	kahdeksanduodekiljardia
NUM_51kahdeksanduodekiljoonaa	kahdeksanduodekiljoonaa
NUM_51kahdeksankahdeksatta	kahdeksankahdeksatta
NUM_51kahdeksankiljardia	kahdeksankiljardia
NUM_51kahdeksankiljoonaa	kahdeksankiljoonaa
NUM_51kahdeksankolmatta	kahdeksankolmatta
NUM_51kahdeksankuudetta	kahdeksankuudetta
NUM_51kahdeksankvadriljardia	kahdeksankvadriljardia
NUM_51kahdeksankvadriljoonaa	kahdeksankvadriljoonaa
NUM_51kahdeksankvintiljardia	kahdeksankvintiljardia
NUM_51kahdeksankvintiljoonaa	kahdeksankvintiljoonaa
NUM_51kahdeksankymmentä	kahdeksankymmentä
NUM_51kahdeksanmiljardia	kahdeksanmiljardia
NUM_51kahdeksanmiljoonaa	kahdeksanmiljoonaa
NUM_51kahdeksanneljättä	kahdeksanneljättä
NUM_51kahdeksannoniljardia	kahdeksannoniljardia
NUM_51kahdeksannoniljoonaa	kahdeksannoniljoonaa
NUM_51kahdeksanoktiljardia	kahdeksanoktiljardia
NUM_51kahdeksanoktiljoonaa	kahdeksanoktiljoonaa
NUM_51kahdeksanpiljardia	kahdeksanpiljardia
NUM_51kahdeksanpiljoonaa	kahdeksanpiljoonaa
NUM_51kahdeksansataa	kahdeksansataa
NUM_51kahdeksanseitsemättä	kahdeksanseitsemättä
NUM_51kahdeksansentiljardia	kahdeksansentiljardia
NUM_51kahdeksansentiljoonaa	kahdeksansentiljoonaa
NUM_51kahdeksanseptiljardia	kahdeksanseptiljardia
NUM_51kahdeksanseptiljoonaa	kahdeksanseptiljoonaa
NUM_51kahdeksantoista	kahdeksantoista
NUM_51kahdeksantredekiljardia	kahdeksantredekiljardia
NUM_51kahdeksantredekiljoonaa	kahdeksantredekiljoonaa
NUM_51kahdeksantriljardia	kahdeksantriljardia
NUM_51kahdeksantriljoonaa	kahdeksantriljoonaa
NUM_51kahdeksantsiljardia	kahdeksantsiljardia
NUM_51kahdeksantsiljoonaa	kahdeksantsiljoonaa
NUM_51kahdeksantuhatta	kahdeksantuhatta
NUM_51kahdeksanundekiljardia	kahdeksanundekiljardia
NUM_51kahdeksanundekiljoonaa	kahdeksanundekiljoonaa
NUM_51kahdeksanviidettä	kahdeksanviidettä
NUM_51kahdeksanyhdeksättä	kahdeksanyhdeksättä
NUM_51kahdeksasbiljardis	kahdeksasbiljardis
NUM_51kahdeksasbiljoonas	kahdeksasbiljoonas
NUM_51kahdeksasdekiljardis	kahdeksasdekiljardis
NUM_51kahdeksasdekiljoonas	kahdeksasdekiljoonas
NUM_51kahdeksasduodekiljardis	kahdeksasduodekiljardis
NUM_51kahdeksasduodekiljoonas	kahdeksasduodekiljoonas
NUM_51kahdeksaskahdeksatta	kahdeksaskahdeksatta
NUM_51kahdeksaskiljardis	kahdeksaskiljardis
NUM_51kahdeksaskiljoonas	kahdeksaskiljoonas
NUM_51kahdeksaskolmatta	kahdeksaskolmatta
NUM_51kahdeksaskuudetta	kahdeksaskuudetta
NUM_51kahdeksaskvadriljardis	kahdeksaskvadriljardis
NUM_51kahdeksaskvadriljoonas	kahdeksaskvadriljoonas
NUM_51kahdeksaskvintiljardis	kahdeksaskvintiljardis
NUM_51kahdeksaskvintiljoonas	kahdeksaskvintiljoonas
NUM_51kahdeksaskymmenes	kahdeksaskymmenes
NUM_51kahdeksasmiljardis	kahdeksasmiljardis
NUM_51kahdeksasmiljoonas	kahdeksasmiljoonas
NUM_51kahdeksasneljästtä	kahdeksasneljästtä
NUM_51kahdeksasnoniljardis	kahdeksasnoniljardis
NUM_51kahdeksasnoniljoonas	kahdeksasnoniljoonas
NUM_51kahdeksasoktiljardis	kahdeksasoktiljardis
NUM_51kahdeksasoktiljoonas	kahdeksasoktiljoonas
NUM_51kahdeksaspiljardis	kahdeksaspiljardis
NUM_51kahdeksaspiljoonas	kahdeksaspiljoonas
NUM_51kahdeksassadas	kahdeksassadas
NUM_51kahdeksasseitsemättä	kahdeksasseitsemättä
NUM_51kahdeksassentiljardis	kahdeksassentiljardis
NUM_51kahdeksassentiljoonas	kahdeksassentiljoonas
NUM_51kahdeksasseptiljardis	kahdeksasseptiljardis
NUM_51kahdeksasseptiljoonas	kahdeksasseptiljoonas
NUM_51kahdeksastoista	kahdeksastoista
NUM_51kahdeksastredekiljardis	kahdeksastredekiljardis
NUM_51kahdeksastredekiljoonas	kahdeksastredekiljoonas
NUM_51kahdeksastriljardis	kahdeksastriljardis
NUM_51kahdeksastriljoonas	kahdeksastriljoonas
NUM_51kahdeksastsiljardis	kahdeksastsiljardis
NUM_51kahdeksastsiljoonas	kahdeksastsiljoonas
NUM_51kahdeksastuhannes	kahdeksastuhannes
NUM_51kahdeksasundekiljardis	kahdeksasundekiljardis
NUM_51kahdeksasundekiljoonas	kahdeksasundekiljoonas
NUM_51kahdeksasviidettä	kahdeksasviidettä
NUM_51kahdeksasyhdeksättä	kahdeksasyhdeksättä
NUM_51kahdesbiljardis	kahdesbiljardis
NUM_51kahdesbiljoonas	kahdesbiljoonas
NUM_51kahdesdekiljardis	kahdesdekiljardis
NUM_51kahdesdekiljoonas	kahdesdekiljoonas
NUM_51kahdesduodekiljardis	kahdesduodekiljardis
NUM_51kahdesduodekiljoonas	kahdesduodekiljoonas
NUM_51kahdeskahdeksatta	kahdeskahdeksatta
NUM_51kahdeskiljardis	kahdeskiljardis
NUM_51kahdeskiljoonas	kahdeskiljoonas
NUM_51kahdeskolmatta	kahdeskolmatta
NUM_51kahdeskuudetta	kahdeskuudetta
NUM_51kahdeskvadriljardis	kahdeskvadriljardis
NUM_51kahdeskvadriljoonas	kahdeskvadriljoonas
NUM_51kahdeskvintiljardis	kahdeskvintiljardis
NUM_51kahdeskvintiljoonas	kahdeskvintiljoonas
NUM_51kahdeskymmenes	kahdeskymmenes
NUM_51kahdesmiljardis	kahdesmiljardis
NUM_51kahdesmiljoonas	kahdesmiljoonas
NUM_51kahdesneljästtä	kahdesneljästtä
NUM_51kahdesnoniljardis	kahdesnoniljardis
NUM_51kahdesnoniljoonas	kahdesnoniljoonas
NUM_51kahdesoktiljardis	kahdesoktiljardis
NUM_51kahdesoktiljoonas	kahdesoktiljoonas
NUM_51kahdespiljardis	kahdespiljardis
NUM_51kahdespiljoonas	kahdespiljoonas
NUM_51kahdessadas	kahdessadas
NUM_51kahdesseitsemättä	kahdesseitsemättä
NUM_51kahdessentiljardis	kahdessentiljardis
NUM_51kahdessentiljoonas	kahdessentiljoonas
NUM_51kahdesseptiljardis	kahdesseptiljardis
NUM_51kahdesseptiljoonas	kahdesseptiljoonas
NUM_51kahdestoista	kahdestoista
NUM_51kahdestredekiljardis	kahdestredekiljardis
NUM_51kahdestredekiljoonas	kahdestredekiljoonas
NUM_51kahdestriljardis	kahdestriljardis
NUM_51kahdestriljoonas	kahdestriljoonas
NUM_51kahdestsiljardis	kahdestsiljardis
NUM_51kahdestsiljoonas	kahdestsiljoonas
NUM_51kahdestuhannes	kahdestuhannes
NUM_51kahdesundekiljardis	kahdesundekiljardis
NUM_51kahdesundekiljoonas	kahdesundekiljoonas
NUM_51kahdesviidettä	kahdesviidettä
NUM_51kahdesyhdeksättä	kahdesyhdeksättä
NUM_51kaksibiljardia	kaksibiljardia
NUM_51kaksibiljoonaa	kaksibiljoonaa
NUM_51kaksidekiljardia	kaksidekiljardia
NUM_51kaksidekiljoonaa	kaksidekiljoonaa
NUM_51kaksiduodekiljardia	kaksiduodekiljardia
NUM_51kaksiduodekiljoonaa	kaksiduodekiljoonaa
NUM_51kaksikahdeksatta	kaksikahdeksatta
NUM_51kaksikiljardia	kaksikiljardia
NUM_51kaksikiljoonaa	kaksikiljoonaa
NUM_51kaksikolmatta	kaksikolmatta
NUM_51kaksikuudetta	kaksikuudetta
NUM_51kaksikvadriljardia	kaksikvadriljardia
NUM_51kaksikvadriljoonaa	kaksikvadriljoonaa
NUM_51kaksikvintiljardia	kaksikvintiljardia
NUM_51kaksikvintiljoonaa	kaksikvintiljoonaa
NUM_51kaksikymmentä	kaksikymmentä
NUM_51kaksimiljardia	kaksimiljardia
NUM_51kaksimiljoonaa	kaksimiljoonaa
NUM_51kaksineljättä	kaksineljättä
NUM_51kaksinoniljardia	kaksinoniljardia
NUM_51kaksinoniljoonaa	kaksinoniljoonaa
NUM_51kaksioktiljardia	kaksioktiljardia
NUM_51kaksioktiljoonaa	kaksioktiljoonaa
NUM_51kaksipiljardia	kaksipiljardia
NUM_51kaksipiljoonaa	kaksipiljoonaa
NUM_51kaksisataa	kaksisataa
NUM_51kaksiseitsemättä	kaksiseitsemättä
NUM_51kaksisentiljardia	kaksisentiljardia
NUM_51kaksisentiljoonaa	kaksisentiljoonaa
NUM_51kaksiseptiljardia	kaksiseptiljardia
NUM_51kaksiseptiljoonaa	kaksiseptiljoonaa
NUM_51kaksitoista	kaksitoista
NUM_51kaksitredekiljardia	kaksitredekiljardia
NUM_51kaksitredekiljoonaa	kaksitredekiljoonaa
NUM_51kaksitriljardia	kaksitriljardia
NUM_51kaksitriljoonaa	kaksitriljoonaa
NUM_51kaksitsiljardia	kaksitsiljardia
NUM_51kaksitsiljoonaa	kaksitsiljoonaa
NUM_51kaksituhatta	kaksituhatta
NUM_51kaksiundekiljardia	kaksiundekiljardia
NUM_51kaksiundekiljoonaa	kaksiundekiljoonaa
NUM_51kaksiviidettä	kaksiviidettä
NUM_51kaksiyhdeksättä	kaksiyhdeksättä
NUM_51kolmasbiljardis	kolmasbiljardis
NUM_51kolmasbiljoonas	kolmasbiljoonas
NUM_51kolmasdekiljardis	kolmasdekiljardis
NUM_51kolmasdekiljoonas	kolmasdekiljoonas
NUM_51kolmasduodekiljardis	kolmasduodekiljardis
NUM_51kolmasduodekiljoonas	kolmasduodekiljoonas
NUM_51kolmaskahdeksatta	kolmaskahdeksatta
NUM_51kolmaskiljardis	kolmaskiljardis
NUM_51kolmaskiljoonas	kolmaskiljoonas
NUM_51kolmaskolmatta	kolmaskolmatta
NUM_51kolmaskuudetta	kolmaskuudetta
NUM_51kolmaskvadriljardis	kolmaskvadriljardis
NUM_51kolmaskvadriljoonas	kolmaskvadriljoonas
NUM_51kolmaskvintiljardis	kolmaskvintiljardis
NUM_51kolmaskvintiljoonas	kolmaskvintiljoonas
NUM_51kolmaskymmenes	kolmaskymmenes
NUM_51kolmasmiljardis	kolmasmiljardis
NUM_51kolmasmiljoonas	kolmasmiljoonas
NUM_51kolmasneljättä	kolmasneljättä
NUM_51kolmasnoniljardis	kolmasnoniljardis
NUM_51kolmasnoniljoonas	kolmasnoniljoonas
NUM_51kolmasoktiljardis	kolmasoktiljardis
NUM_51kolmasoktiljoonas	kolmasoktiljoonas
NUM_51kolmaspiljardis	kolmaspiljardis
NUM_51kolmaspiljoonas	kolmaspiljoonas
NUM_51kolmassadas	kolmassadas
NUM_51kolmasseitsemättä	kolmasseitsemättä
NUM_51kolmassentiljardis	kolmassentiljardis
NUM_51kolmassentiljoonas	kolmassentiljoonas
NUM_51kolmasseptiljardis	kolmasseptiljardis
NUM_51kolmasseptiljoonas	kolmasseptiljoonas
NUM_51kolmastoista	kolmastoista
NUM_51kolmastredekiljardis	kolmastredekiljardis
NUM_51kolmastredekiljoonas	kolmastredekiljoonas
NUM_51kolmastriljardis	kolmastriljardis
NUM_51kolmastriljoonas	kolmastriljoonas
NUM_51kolmastsiljardis	kolmastsiljardis
NUM_51kolmastsiljoonas	kolmastsiljoonas
NUM_51kolmastuhannes	kolmastuhannes
NUM_51kolmasundekiljardis	kolmasundekiljardis
NUM_51kolmasundekiljoonas	kolmasundekiljoonas
NUM_51kolmasviidettä	kolmasviidettä
NUM_51kolmasyhdeksättä	kolmasyhdeksättä
NUM_51kolmebiljardia	kolmebiljardia
NUM_51kolmebiljoonaa	kolmebiljoonaa
NUM_51kolmedekiljardia	kolmedekiljardia
NUM_51kolmedekiljoonaa	kolmedekiljoonaa
NUM_51kolmeduodekiljardia	kolmeduodekiljardia
NUM_51kolmeduodekiljoonaa	kolmeduodekiljoonaa
NUM_51kolmekahdeksatta	kolmekahdeksatta
NUM_51kolmekiljardia	kolmekiljardia
NUM_51kolmekiljoonaa	kolmekiljoonaa
NUM_51kolmekolmatta	kolmekolmatta
NUM_51kolmekuudetta	kolmekuudetta
NUM_51kolmekvadriljardia	kolmekvadriljardia
NUM_51kolmekvadriljoonaa	kolmekvadriljoonaa
NUM_51kolmekvintiljardia	kolmekvintiljardia
NUM_51kolmekvintiljoonaa	kolmekvintiljoonaa
NUM_51kolmekymmentä	kolmekymmentä
NUM_51kolmemiljardia	kolmemiljardia
NUM_51kolmemiljoonaa	kolmemiljoonaa
NUM_51kolmeneljättä	kolmeneljättä
NUM_51kolmenoniljardia	kolmenoniljardia
NUM_51kolmenoniljoonaa	kolmenoniljoonaa
NUM_51kolmeoktiljardia	kolmeoktiljardia
NUM_51kolmeoktiljoonaa	kolmeoktiljoonaa
NUM_51kolmepiljardia	kolmepiljardia
NUM_51kolmepiljoonaa	kolmepiljoonaa
NUM_51kolmesataa	kolmesataa
NUM_51kolmeseitsemättä	kolmeseitsemättä
NUM_51kolmesentiljardia	kolmesentiljardia
NUM_51kolmesentiljoonaa	kolmesentiljoonaa
NUM_51kolmeseptiljardia	kolmeseptiljardia
NUM_51kolmeseptiljoonaa	kolmeseptiljoonaa
NUM_51kolmetoista	kolmetoista
NUM_51kolmetredekiljardia	kolmetredekiljardia
NUM_51kolmetredekiljoonaa	kolmetredekiljoonaa
NUM_51kolmetriljardia	kolmetriljardia
NUM_51kolmetriljoonaa	kolmetriljoonaa
NUM_51kolmetsiljardia	kolmetsiljardia
NUM_51kolmetsiljoonaa	kolmetsiljoonaa
NUM_51kolmetuhatta	kolmetuhatta
NUM_51kolmeundekiljardia	kolmeundekiljardia
NUM_51kolmeundekiljoonaa	kolmeundekiljoonaa
NUM_51kolmeviidettä	kolmeviidettä
NUM_51kolmeyhdeksättä	kolmeyhdeksättä
NUM_51kuudesbiljardis	kuudesbiljardis
NUM_51kuudesbiljoonas	kuudesbiljoonas
NUM_51kuudesdekiljardis	kuudesdekiljardis
NUM_51kuudesdekiljoonas	kuudesdekiljoonas
NUM_51kuudesduodekiljardis	kuudesduodekiljardis
NUM_51kuudesduodekiljoonas	kuudesduodekiljoonas
NUM_51kuudeskahdeksatta	kuudeskahdeksatta
NUM_51kuudeskiljardis	kuudeskiljardis
NUM_51kuudeskiljoonas	kuudeskiljoonas
NUM_51kuudeskolmatta	kuudeskolmatta
NUM_51kuudeskuudetta	kuudeskuudetta
NUM_51kuudeskvadriljardis	kuudeskvadriljardis
NUM_51kuudeskvadriljoonas	kuudeskvadriljoonas
NUM_51kuudeskvintiljardis	kuudeskvintiljardis
NUM_51kuudeskvintiljoonas	kuudeskvintiljoonas
NUM_51kuudeskymmenes	kuudeskymmenes
NUM_51kuudesmiljardis	kuudesmiljardis
NUM_51kuudesmiljoonas	kuudesmiljoonas
NUM_51kuudesneljästtä	kuudesneljästtä
NUM_51kuudesnoniljardis	kuudesnoniljardis
NUM_51kuudesnoniljoonas	kuudesnoniljoonas
NUM_51kuudesoktiljardis	kuudesoktiljardis
NUM_51kuudesoktiljoonas	kuudesoktiljoonas
NUM_51kuudespiljardis	kuudespiljardis
NUM_51kuudespiljoonas	kuudespiljoonas
NUM_51kuudessadas	kuudessadas
NUM_51kuudesseitsemättä	kuudesseitsemättä
NUM_51kuudessentiljardis	kuudessentiljardis
NUM_51kuudessentiljoonas	kuudessentiljoonas
NUM_51kuudesseptiljardis	kuudesseptiljardis
NUM_51kuudesseptiljoonas	kuudesseptiljoonas
NUM_51kuudestoista	kuudestoista
NUM_51kuudestredekiljardis	kuudestredekiljardis
NUM_51kuudestredekiljoonas	kuudestredekiljoonas
NUM_51kuudestriljardis	kuudestriljardis
NUM_51kuudestriljoonas	kuudestriljoonas
NUM_51kuudestsiljardis	kuudestsiljardis
NUM_51kuudestsiljoonas	kuudestsiljoonas
NUM_51kuudestuhannes	kuudestuhannes
NUM_51kuudesundekiljardis	kuudesundekiljardis
NUM_51kuudesundekiljoonas	kuudesundekiljoonas
NUM_51kuudesviidettä	kuudesviidettä
NUM_51kuudesyhdeksättä	kuudesyhdeksättä
NUM_51kuusibiljardia	kuusibiljardia
NUM_51kuusibiljoonaa	kuusibiljoonaa
NUM_51kuusidekiljardia	kuusidekiljardia
NUM_51kuusidekiljoonaa	kuusidekiljoonaa
NUM_51kuusiduodekiljardia	kuusiduodekiljardia
NUM_51kuusiduodekiljoonaa	kuusiduodekiljoonaa
NUM_51kuusikahdeksatta	kuusikahdeksatta
NUM_51kuusikiljardia	kuusikiljardia
NUM_51kuusikiljoonaa	kuusikiljoonaa
NUM_51kuusikolmatta	kuusikolmatta
NUM_51kuusikuudetta	kuusikuudetta
NUM_51kuusikvadriljardia	kuusikvadriljardia
NUM_51kuusikvadriljoonaa	kuusikvadriljoonaa
NUM_51kuusikvintiljardia	kuusikvintiljardia
NUM_51kuusikvintiljoonaa	kuusikvintiljoonaa
NUM_51kuusikymmentä	kuusikymmentä
NUM_51kuusimiljardia	kuusimiljardia
NUM_51kuusimiljoonaa	kuusimiljoonaa
NUM_51kuusineljättä	kuusineljättä
NUM_51kuusinoniljardia	kuusinoniljardia
NUM_51kuusinoniljoonaa	kuusinoniljoonaa
NUM_51kuusioktiljardia	kuusioktiljardia
NUM_51kuusioktiljoonaa	kuusioktiljoonaa
NUM_51kuusipiljardia	kuusipiljardia
NUM_51kuusipiljoonaa	kuusipiljoonaa
NUM_51kuusisataa	kuusisataa
NUM_51kuusiseitsemättä	kuusiseitsemättä
NUM_51kuusisentiljardia	kuusisentiljardia
NUM_51kuusisentiljoonaa	kuusisentiljoonaa
NUM_51kuusiseptiljardia	kuusiseptiljardia
NUM_51kuusiseptiljoonaa	kuusiseptiljoonaa
NUM_51kuusitoista	kuusitoista
NUM_51kuusitredekiljardia	kuusitredekiljardia
NUM_51kuusitredekiljoonaa	kuusitredekiljoonaa
NUM_51kuusitriljardia	kuusitriljardia
NUM_51kuusitriljoonaa	kuusitriljoonaa
NUM_51kuusitsiljardia	kuusitsiljardia
NUM_51kuusitsiljoonaa	kuusitsiljoonaa
NUM_51kuusituhatta	kuusituhatta
NUM_51kuusiundekiljardia	kuusiundekiljardia
NUM_51kuusiundekiljoonaa	kuusiundekiljoonaa
NUM_51kuusiviidettä	kuusiviidettä
NUM_51kuusiyhdeksättä	kuusiyhdeksättä
NUM_51neljäbiljardia	neljäbiljardia
NUM_51neljäbiljoonaa	neljäbiljoonaa
NUM_51neljädekiljardia	neljädekiljardia
NUM_51neljädekiljoonaa	neljädekiljoonaa
NUM_51neljäduodekiljardia	neljäduodekiljardia
NUM_51neljäduodekiljoonaa	neljäduodekiljoonaa
NUM_51neljäkahdeksatta	neljäkahdeksatta
NUM_51neljäkiljardia	neljäkiljardia
NUM_51neljäkiljoonaa	neljäkiljoonaa
NUM_51neljäkolmatta	neljäkolmatta
NUM_51neljäkuudetta	neljäkuudetta
NUM_51neljäkvadriljardia	neljäkvadriljardia
NUM_51neljäkvadriljoonaa	neljäkvadriljoonaa
NUM_51neljäkvintiljardia	neljäkvintiljardia
NUM_51neljäkvintiljoonaa	neljäkvintiljoonaa
NUM_51neljäkymmentä	neljäkymmentä
NUM_51neljämiljardia	neljämiljardia
NUM_51neljämiljoonaa	neljämiljoonaa
NUM_51neljäneljättä	neljäneljättä
NUM_51neljänoniljardia	neljänoniljardia
NUM_51neljänoniljoonaa	neljänoniljoonaa
NUM_51neljäoktiljardia	neljäoktiljardia
NUM_51neljäoktiljoonaa	neljäoktiljoonaa
NUM_51neljäpiljardia	neljäpiljardia
NUM_51neljäpiljoonaa	neljäpiljoonaa
NUM_51neljäsataa	neljäsataa
NUM_51neljäsbiljardis	neljäsbiljardis
NUM_51neljäsbiljoonas	neljäsbiljoonas
NUM_51neljäsdekiljardis	neljäsdekiljardis
NUM_51neljäsdekiljoonas	neljäsdekiljoonas
NUM_51neljäsduodekiljardis	neljäsduodekiljardis
NUM_51neljäsduodekiljoonas	neljäsduodekiljoonas
NUM_51neljäseitsemättä	neljäseitsemättä
NUM_51neljäsentiljardia	neljäsentiljardia
NUM_51neljäsentiljoonaa	neljäsentiljoonaa
NUM_51neljäseptiljardia	neljäseptiljardia
NUM_51neljäseptiljoonaa	neljäseptiljoonaa
NUM_51neljäskahdeksatta	neljäskahdeksatta
NUM_51neljäskiljardis	neljäskiljardis
NUM_51neljäskiljoonas	neljäskiljoonas
NUM_51neljäskolmatta	neljäskolmatta
NUM_51neljäskuudetta	neljäskuudetta
NUM_51neljäskvadriljardis	neljäskvadriljardis
NUM_51neljäskvadriljoonas	neljäskvadriljoonas
NUM_51neljäskvintiljardis	neljäskvintiljardis
NUM_51neljäskvintiljoonas	neljäskvintiljoonas
NUM_51neljäskymmenes	neljäskymmenes
NUM_51neljäsmiljardis	neljäsmiljardis
NUM_51neljäsmiljoonas	neljäsmiljoonas
NUM_51neljäsneljättä	neljäsneljättä
NUM_51neljäsnoniljardis	neljäsnoniljardis
NUM_51neljäsnoniljoonas	neljäsnoniljoonas
NUM_51neljäsoktiljardis	neljäsoktiljardis
NUM_51neljäsoktiljoonas	neljäsoktiljoonas
NUM_51neljäspiljardis	neljäspiljardis
NUM_51neljäspiljoonas	neljäspiljoonas
NUM_51neljässadas	neljässadas
NUM_51neljässeitsemättä	neljässeitsemättä
NUM_51neljässentiljardis	neljässentiljardis
NUM_51neljässentiljoonas	neljässentiljoonas
NUM_51neljässeptiljardis	neljässeptiljardis
NUM_51neljässeptiljoonas	neljässeptiljoonas
NUM_51neljästoista	neljästoista
NUM_51neljästredekiljardis	neljästredekiljardis
NUM_51neljästredekiljoonas	neljästredekiljoonas
NUM_51neljästriljardis	neljästriljardis
NUM_51neljästriljoonas	neljästriljoonas
NUM_51neljästsiljardis	neljästsiljardis
NUM_51neljästsiljoonas	neljästsiljoonas
NUM_51neljästuhannes	neljästuhannes
NUM_51neljäsundekiljardis	neljäsundekiljardis
NUM_51neljäsundekiljoonas	neljäsundekiljoonas
NUM_51neljäsviidettä	neljäsviidettä
NUM_51neljäsyhdeksättä	neljäsyhdeksättä
NUM_51neljätoista	neljätoista
NUM_51neljätredekiljardia	neljätredekiljardia
NUM_51neljätredekiljoonaa	neljätredekiljoonaa
NUM_51neljätriljardia	neljätriljardia
NUM_51neljätriljoonaa	neljätriljoonaa
NUM_51neljätsiljardia	neljätsiljardia
NUM_51neljätsiljoonaa	neljätsiljoonaa
NUM_51neljätuhatta	neljätuhatta
NUM_51neljäundekiljardia	neljäundekiljardia
NUM_51neljäundekiljoonaa	neljäundekiljoonaa
NUM_51neljäviidettä	neljäviidettä
NUM_51neljäyhdeksättä	neljäyhdeksättä
NUM_51puolitoista	puolitoista
NUM_51seitsemänbiljardia	seitsemänbiljardia
NUM_51seitsemänbiljoonaa	seitsemänbiljoonaa
NUM_51seitsemändekiljardia	seitsemändekiljardia
NUM_51seitsemändekiljoonaa	seitsemändekiljoonaa
NUM_51seitsemänduodekiljardia	seitsemänduodekiljardia
NUM_51seitsemänduodekiljoonaa	seitsemänduodekiljoonaa
NUM_51seitsemänkahdeksatta	seitsemänkahdeksatta
NUM_51seitsemänkiljardia	seitsemänkiljardia
NUM_51seitsemänkiljoonaa	seitsemänkiljoonaa
NUM_51seitsemänkolmatta	seitsemänkolmatta
NUM_51seitsemänkuudetta	seitsemänkuudetta
NUM_51seitsemänkvadriljardia	seitsemänkvadriljardia
NUM_51seitsemänkvadriljoonaa	seitsemänkvadriljoonaa
NUM_51seitsemänkvintiljardia	seitsemänkvintiljardia
NUM_51seitsemänkvintiljoonaa	seitsemänkvintiljoonaa
NUM_51seitsemänkymmentä	seitsemänkymmentä
NUM_51seitsemänmiljardia	seitsemänmiljardia
NUM_51seitsemänmiljoonaa	seitsemänmiljoonaa
NUM_51seitsemänneljättä	seitsemänneljättä
NUM_51seitsemännoniljardia	seitsemännoniljardia
NUM_51seitsemännoniljoonaa	seitsemännoniljoonaa
NUM_51seitsemänoktiljardia	seitsemänoktiljardia
NUM_51seitsemänoktiljoonaa	seitsemänoktiljoonaa
NUM_51seitsemänpiljardia	seitsemänpiljardia
NUM_51seitsemänpiljoonaa	seitsemänpiljoonaa
NUM_51seitsemänsataa	seitsemänsataa
NUM_51seitsemänseitsemättä	seitsemänseitsemättä
NUM_51seitsemänsentiljardia	seitsemänsentiljardia
NUM_51seitsemänsentiljoonaa	seitsemänsentiljoonaa
NUM_51seitsemänseptiljardia	seitsemänseptiljardia
NUM_51seitsemänseptiljoonaa	seitsemänseptiljoonaa
NUM_51seitsemäntoista	seitsemäntoista
NUM_51seitsemäntredekiljardia	seitsemäntredekiljardia
NUM_51seitsemäntredekiljoonaa	seitsemäntredekiljoonaa
NUM_51seitsemäntriljardia	seitsemäntriljardia
NUM_51seitsemäntriljoonaa	seitsemäntriljoonaa
NUM_51seitsemäntsiljardia	seitsemäntsiljardia
NUM_51seitsemäntsiljoonaa	seitsemäntsiljoonaa
NUM_51seitsemäntuhatta	seitsemäntuhatta
NUM_51seitsemänundekiljardia	seitsemänundekiljardia
NUM_51seitsemänundekiljoonaa	seitsemänundekiljoonaa
NUM_51seitsemänviidettä	seitsemänviidettä
NUM_51seitsemänyhdeksättä	seitsemänyhdeksättä
NUM_51seitsemäsbiljardis	seitsemäsbiljardis
NUM_51seitsemäsbiljoonas	seitsemäsbiljoonas
NUM_51seitsemäsdekiljardis	seitsemäsdekiljardis
NUM_51seitsemäsdekiljoonas	seitsemäsdekiljoonas
NUM_51seitsemäsduodekiljardis	seitsemäsduodekiljardis
NUM_51seitsemäsduodekiljoonas	seitsemäsduodekiljoonas
NUM_51seitsemäskahdeksatta	seitsemäskahdeksatta
NUM_51seitsemäskiljardis	seitsemäskiljardis
NUM_51seitsemäskiljoonas	seitsemäskiljoonas
NUM_51seitsemäskolmatta	seitsemäskolmatta
NUM_51seitsemäskuudetta	seitsemäskuudetta
NUM_51seitsemäskvadriljardis	seitsemäskvadriljardis
NUM_51seitsemäskvadriljoonas	seitsemäskvadriljoonas
NUM_51seitsemäskvintiljardis	seitsemäskvintiljardis
NUM_51seitsemäskvintiljoonas	seitsemäskvintiljoonas
NUM_51seitsemäskymmenes	seitsemäskymmenes
NUM_51seitsemäsmiljardis	seitsemäsmiljardis
NUM_51seitsemäsmiljoonas	seitsemäsmiljoonas
NUM_51seitsemäsneljästtä	seitsemäsneljästtä
NUM_51seitsemäsnoniljardis	seitsemäsnoniljardis
NUM_51seitsemäsnoniljoonas	seitsemäsnoniljoonas
NUM_51seitsemäsoktiljardis	seitsemäsoktiljardis
NUM_51seitsemäsoktiljoonas	seitsemäsoktiljoonas
NUM_51seitsemäspiljardis	seitsemäspiljardis
NUM_51seitsemäspiljoonas	seitsemäspiljoonas
NUM_51seitsemässadas	seitsemässadas
NUM_51seitsemässeitsemättä	seitsemässeitsemättä
NUM_51seitsemässentiljardis	seitsemässentiljardis
NUM_51seitsemässentiljoonas	seitsemässentiljoonas
NUM_51seitsemässeptiljardis	seitsemässeptiljardis
NUM_51seitsemässeptiljoonas	seitsemässeptiljoonas
NUM_51seitsemästoista	seitsemästoista
NUM_51seitsemästredekiljardis	seitsemästredekiljardis
NUM_51seitsemästredekiljoonas	seitsemästredekiljoonas
NUM_51seitsemästriljardis	seitsemästriljardis
NUM_51seitsemästriljoonas	seitsemästriljoonas
NUM_51seitsemästsiljardis	seitsemästsiljardis
NUM_51seitsemästsiljoonas	seitsemästsiljoonas
NUM_51seitsemästuhannes	seitsemästuhannes
NUM_51seitsemäsundekiljardis	seitsemäsundekiljardis
NUM_51seitsemäsundekiljoonas	seitsemäsundekiljoonas
NUM_51seitsemäsviidettä	seitsemäsviidettä
NUM_51seitsemäsyhdeksättä	seitsemäsyhdeksättä
NUM_51viidesbiljardis	viidesbiljardis
NUM_51viidesbiljoonas	viidesbiljoonas
NUM_51viidesdekiljardis	viidesdekiljardis
NUM_51viidesdekiljoonas	viidesdekiljoonas
NUM_51viidesduodekiljardis	viidesduodekiljardis
NUM_51viidesduodekiljoonas	viidesduodekiljoonas
NUM_51viideskahdeksatta	viideskahdeksatta
NUM_51viideskiljardis	viideskiljardis
NUM_51viideskiljoonas	viideskiljoonas
NUM_51viideskolmatta	viideskolmatta
NUM_51viideskuudetta	viideskuudetta
NUM_51viideskvadriljardis	viideskvadriljardis
NUM_51viideskvadriljoonas	viideskvadriljoonas
NUM_51viideskvintiljardis	viideskvintiljardis
NUM_51viideskvintiljoonas	viideskvintiljoonas
NUM_51viideskymmenes	viideskymmenes
NUM_51viidesmiljardis	viidesmiljardis
NUM_51viidesmiljoonas	viidesmiljoonas
NUM_51viidesneljästtä	viidesneljästtä
NUM_51viidesnoniljardis	viidesnoniljardis
NUM_51viidesnoniljoonas	viidesnoniljoonas
NUM_51viidesoktiljardis	viidesoktiljardis
NUM_51viidesoktiljoonas	viidesoktiljoonas
NUM_51viidespiljardis	viidespiljardis
NUM_51viidespiljoonas	viidespiljoonas
NUM_51viidessadas	viidessadas
NUM_51viidesseitsemättä	viidesseitsemättä
NUM_51viidessentiljardis	viidessentiljardis
NUM_51viidessentiljoonas	viidessentiljoonas
NUM_51viidesseptiljardis	viidesseptiljardis
NUM_51viidesseptiljoonas	viidesseptiljoonas
NUM_51viidestoista	viidestoista
NUM_51viidestredekiljardis	viidestredekiljardis
NUM_51viidestredekiljoonas	viidestredekiljoonas
NUM_51viidestriljardis	viidestriljardis
NUM_51viidestriljoonas	viidestriljoonas
NUM_51viidestsiljardis	viidestsiljardis
NUM_51viidestsiljoonas	viidestsiljoonas
NUM_51viidestuhannes	viidestuhannes
NUM_51viidesundekiljardis	viidesundekiljardis
NUM_51viidesundekiljoonas	viidesundekiljoonas
NUM_51viidesviidettä	viidesviidettä
NUM_51viidesyhdeksättä	viidesyhdeksättä
NUM_51viisibiljardia	viisibiljardia
NUM_51viisibiljoonaa	viisibiljoonaa
NUM_51viisidekiljardia	viisidekiljardia
NUM_51viisidekiljoonaa	viisidekiljoonaa
NUM_51viisiduodekiljardia	viisiduodekiljardia
NUM_51viisiduodekiljoonaa	viisiduodekiljoonaa
NUM_51viisikahdeksatta	viisikahdeksatta
NUM_51viisikiljardia	viisikiljardia
NUM_51viisikiljoonaa	viisikiljoonaa
NUM_51viisikolmatta	viisikolmatta
NUM_51viisikuudetta	viisikuudetta
NUM_51viisikvadriljardia	viisikvadriljardia
NUM_51viisikvadriljoonaa	viisikvadriljoonaa
NUM_51viisikvintiljardia	viisikvintiljardia
NUM_51viisikvintiljoonaa	viisikvintiljoonaa
NUM_51viisikymmentä	viisikymmentä
NUM_51viisimiljardia	viisimiljardia
NUM_51viisimiljoonaa	viisimiljoonaa
NUM_51viisineljättä	viisineljättä
NUM_51viisinoniljardia	viisinoniljardia
NUM_51viisinoniljoonaa	viisinoniljoonaa
NUM_51viisioktiljardia	viisioktiljardia
NUM_51viisioktiljoonaa	viisioktiljoonaa
NUM_51viisipiljardia	viisipiljardia
NUM_51viisipiljoonaa	viisipiljoonaa
NUM_51viisisataa	viisisataa
NUM_51viisiseitsemättä	viisiseitsemättä
NUM_51viisisentiljardia	viisisentiljardia
NUM_51viisisentiljoonaa	viisisentiljoonaa
NUM_51viisiseptiljardia	viisiseptiljardia
NUM_51viisiseptiljoonaa	viisiseptiljoonaa
NUM_51viisitoista	viisitoista
NUM_51viisitredekiljardia	viisitredekiljardia
NUM_51viisitredekiljoonaa	viisitredekiljoonaa
NUM_51viisitriljardia	viisitriljardia
NUM_51viisitriljoonaa	viisitriljoonaa
NUM_51viisitsiljardia	viisitsiljardia
NUM_51viisitsiljoonaa	viisitsiljoonaa
NUM_51viisituhatta	viisituhatta
NUM_51viisiundekiljardia	viisiundekiljardia
NUM_51viisiundekiljoonaa	viisiundekiljoonaa
NUM_51viisiviidettä	viisiviidettä
NUM_51viisiyhdeksättä	viisiyhdeksättä
NUM_51yhdeksänbiljardia	yhdeksänbiljardia
NUM_51yhdeksänbiljoonaa	yhdeksänbiljoonaa
NUM_51yhdeksändekiljardia	yhdeksändekiljardia
NUM_51yhdeksändekiljoonaa	yhdeksändekiljoonaa
NUM_51yhdeksänduodekiljardia	yhdeksänduodekiljardia
NUM_51yhdeksänduodekiljoonaa	yhdeksänduodekiljoonaa
NUM_51yhdeksänkahdeksatta	yhdeksänkahdeksatta
NUM_51yhdeksänkiljardia	yhdeksänkiljardia
NUM_51yhdeksänkiljoonaa	yhdeksänkiljoonaa
NUM_51yhdeksänkolmatta	yhdeksänkolmatta
NUM_51yhdeksänkuudetta	yhdeksänkuudetta
NUM_51yhdeksänkvadriljardia	yhdeksänkvadriljardia
NUM_51yhdeksänkvadriljoonaa	yhdeksänkvadriljoonaa
NUM_51yhdeksänkvintiljardia	yhdeksänkvintiljardia
NUM_51yhdeksänkvintiljoonaa	yhdeksänkvintiljoonaa
NUM_51yhdeksänkymmentä	yhdeksänkymmentä
NUM_51yhdeksänmiljardia	yhdeksänmiljardia
NUM_51yhdeksänmiljoonaa	yhdeksänmiljoonaa
NUM_51yhdeksänneljättä	yhdeksänneljättä
NUM_51yhdeksännoniljardia	yhdeksännoniljardia
NUM_51yhdeksännoniljoonaa	yhdeksännoniljoonaa
NUM_51yhdeksänoktiljardia	yhdeksänoktiljardia
NUM_51yhdeksänoktiljoonaa	yhdeksänoktiljoonaa
NUM_51yhdeksänpiljardia	yhdeksänpiljardia
NUM_51yhdeksänpiljoonaa	yhdeksänpiljoonaa
NUM_51yhdeksänsataa	yhdeksänsataa
NUM_51yhdeksänseitsemättä	yhdeksänseitsemättä
NUM_51yhdeksänsentiljardia	yhdeksänsentiljardia
NUM_51yhdeksänsentiljoonaa	yhdeksänsentiljoonaa
NUM_51yhdeksänseptiljardia	yhdeksänseptiljardia
NUM_51yhdeksänseptiljoonaa	yhdeksänseptiljoonaa
NUM_51yhdeksäntoista	yhdeksäntoista
NUM_51yhdeksäntredekiljardia	yhdeksäntredekiljardia
NUM_51yhdeksäntredekiljoonaa	yhdeksäntredekiljoonaa
NUM_51yhdeksäntriljardia	yhdeksäntriljardia
NUM_51yhdeksäntriljoonaa	yhdeksäntriljoonaa
NUM_51yhdeksäntsiljardia	yhdeksäntsiljardia
NUM_51yhdeksäntsiljoonaa	yhdeksäntsiljoonaa
NUM_51yhdeksäntuhatta	yhdeksäntuhatta
NUM_51yhdeksänundekiljardia	yhdeksänundekiljardia
NUM_51yhdeksänundekiljoonaa	yhdeksänundekiljoonaa
NUM_51yhdeksänviidettä	yhdeksänviidettä
NUM_51yhdeksänyhdeksättä	yhdeksänyhdeksättä
NUM_51yhdeksäsbiljardis	yhdeksäsbiljardis
NUM_51yhdeksäsbiljoonas	yhdeksäsbiljoonas
NUM_51yhdeksäsdekiljardis	yhdeksäsdekiljardis
NUM_51yhdeksäsdekiljoonas	yhdeksäsdekiljoonas
NUM_51yhdeksäsduodekiljardis	yhdeksäsduodekiljardis
NUM_51yhdeksäsduodekiljoonas	yhdeksäsduodekiljoonas
NUM_51yhdeksäskahdeksatta	yhdeksäskahdeksatta
NUM_51yhdeksäskiljardis	yhdeksäskiljardis
NUM_51yhdeksäskiljoonas	yhdeksäskiljoonas
NUM_51yhdeksäskolmatta	yhdeksäskolmatta
NUM_51yhdeksäskuudetta	yhdeksäskuudetta
NUM_51yhdeksäskvadriljardis	yhdeksäskvadriljardis
NUM_51yhdeksäskvadriljoonas	yhdeksäskvadriljoonas
NUM_51yhdeksäskvintiljardis	yhdeksäskvintiljardis
NUM_51yhdeksäskvintiljoonas	yhdeksäskvintiljoonas
NUM_51yhdeksäskymmenes	yhdeksäskymmenes
NUM_51yhdeksäsmiljardis	yhdeksäsmiljardis
NUM_51yhdeksäsmiljoonas	yhdeksäsmiljoonas
NUM_51yhdeksäsneljästtä	yhdeksäsneljästtä
NUM_51yhdeksäsnoniljardis	yhdeksäsnoniljardis
NUM_51yhdeksäsnoniljoonas	yhdeksäsnoniljoonas
NUM_51yhdeksäsoktiljardis	yhdeksäsoktiljardis
NUM_51yhdeksäsoktiljoonas	yhdeksäsoktiljoonas
NUM_51yhdeksäspiljardis	yhdeksäspiljardis
NUM_51yhdeksäspiljoonas	yhdeksäspiljoonas
NUM_51yhdeksässadas	yhdeksässadas
NUM_51yhdeksässeitsemättä	yhdeksässeitsemättä
NUM_51yhdeksässentiljardis	yhdeksässentiljardis
NUM_51yhdeksässentiljoonas	yhdeksässentiljoonas
NUM_51yhdeksässeptiljardis	yhdeksässeptiljardis
NUM_51yhdeksässeptiljoonas	yhdeksässeptiljoonas
NUM_51yhdeksästoista	yhdeksästoista
NUM_51yhdeksästredekiljardis	yhdeksästredekiljardis
NUM_51yhdeksästredekiljoonas	yhdeksästredekiljoonas
NUM_51yhdeksästriljardis	yhdeksästriljardis
NUM_51yhdeksästriljoonas	yhdeksästriljoonas
NUM_51yhdeksästsiljardis	yhdeksästsiljardis
NUM_51yhdeksästsiljoonas	yhdeksästsiljoonas
NUM_51yhdeksästuhannes	yhdeksästuhannes
NUM_51yhdeksäsundekiljardis	yhdeksäsundekiljardis
NUM_51yhdeksäsundekiljoonas	yhdeksäsundekiljoonas
NUM_51yhdeksäsviidettä	yhdeksäsviidettä
NUM_51yhdeksäsyhdeksättä	yhdeksäsyhdeksättä
NUM_51yhdeskahdeksatta	yhdeskahdeksatta
NUM_51yhdeskolmatta	yhdeskolmatta
NUM_51yhdeskuudetta	yhdeskuudetta
NUM_51yhdesneljästtä	yhdesneljästtä
NUM_51yhdesseitsemättä	yhdesseitsemättä
NUM_51yhdestoista	yhdestoista
NUM_51yhdesviidettä	yhdesviidettä
NUM_51yhdesyhdeksättä	yhdesyhdeksättä
NUM_51yksikahdeksatta	yksikahdeksatta
NUM_51yksikolmatta	yksikolmatta
NUM_51yksikuudetta	yksikuudetta
NUM_51yksineljättä	yksineljättä
NUM_51yksiseitsemättä	yksiseitsemättä
NUM_51yksitoista	yksitoista
NUM_51yksiviidettä	yksiviidettä
NUM_51yksiyhdeksättä	yksiyhdeksättä
NUM_ENSIMMÄINEN	nen
NUM_KAHDEKSAN	an
NUM_KAKSI	ksi
NUM_KOLMAS	s
NUM_KOLMASOSA	a
NUM_KOLME	e
NUM_KUUSI	si
NUM_KUUTISEN	
NUM_KYMMEN	
NUM_KYMMENEN	en
NUM_KYMMENKUNTA	a
NUM_KYMMENTÄ	
NUM_MILJARDI	i
NUM_MILJOONA	a
NUM_NELJÄ	ä
NUM_NELJÄS	s
NUM_PARI	i
NUM_PUOLI	i
NUM_SATA	ta
NUM_TOINEN	nen
NUM_TUHAT	t
NUM_VIISI	si
NUM_VIITISEN	
NUM_YHDEKSÄN	än
NUM_YKSI	ksi
PRON_AINOA	a
PRON_ERÄS	s
PRON_HÄN	
PRON_IKINEN	nen
PRON_ITSE	
PRON_JOKA	ka
PRON_JOKAINEN	nen
PRON_JOKIN	kin
PRON_JOKU	ku
PRON_JOMPIKUMPI	pikumpi
PRON_KAIKKI	ki
PRON_KOKO	
PRON_KUKA	uka
PRON_KUKAAN	ukaan
PRON_KUKAKIN	ukakin
PRON_KUKIN	ukin
PRON_KUMPI	pi
PRON_KUMPIKAAN	pikaan
PRON_KUMPIKIN	pikin
PRON_MÄÄ	
PRON_MÄ	ä
PRON_MA	
PRON_ME	
PRON_MIE	e
PRON_MIKÄÄN	kään
PRON_MIKÄ	kä
PRON_MIKÄKIN	käkin
PRON_MIKIN	kin
PRON_MINÄ	nä
PRON_MOLEMMAT	mat
PRON_MONES	s
PRON_MONI	i
PRON_MONIAS	s
PRON_MONTA	
PRON_MUU	u
PRON_MUUAN	n
PRON_MUUTAMA	a
PRON_NÄMÄ	mä
PRON_NE	e
PRON_NOI	
PRON_NUO	uo
PRON_SAMA	a
PRON_SE	e
PRON_TÄMÄ	mä
PRON_TOI	i
PRON_TOINEN	nen
PRON_TUO	uo
PRON_USEA	a
PRON_USEAMPI	pi
PRON_USEIMMAT	mmat
PRON_YKSI	ksi
